Rk,Player,Pos,Age,Tm,G,MP,PER,TS%,3PAr,FTr,ORB%,DRB%,TRB%,AST%,STL%,BLK%,TOV%,USG%,OWS,DWS,WS,WS/48,OBPM,DBPM,BPM,VORP
1,Alex Abrines,SG,23,OKC,68,1055,10.1,.560,.724,.144,1.9,7.1,4.5,5.5,1.7,0.6,8.3,15.9,1.2,0.9,2.1,.095,-0.3,-2.2,-2.5,-0.1
2,Quincy Acy,PF,26,TOT,38,558,11.8,.565,.529,.353,3.9,18.0,11.0,4.9,1.2,2.0,9.7,16.8,0.5,0.5,0.9,.082,-1.8,-1.2,-3.0,-0.1
3,Steven Adams,C,23,OKC,80,2389,16.5,.589,.002,.392,13.0,15.5,14.2,5.4,1.8,2.6,16.0,16.2,3.3,3.1,6.4,.130,-0.7,1.2,0.5,1.5
4,Arron Afflalo,SG,31,SAC,61,1580,9.0,.559,.360,.221,0.7,8.4,4.6,7.4,0.7,0.4,8.4,14.4,1.2,0.2,1.4,.043,-1.4,-2.0,-3.5,-0.6
5,Alexis Ajinca,C,28,NOP,39,584,12.9,.529,.022,.225,8.3,23.8,16.0,3.1,1.7,3.1,13.7,17.2,0.0,0.9,1.0,.080,-5.1,1.0,-4.1,-0.3
6,Cole Aldrich,C,28,MIN,62,531,12.7,.549,.000,.256,11.0,23.9,17.4,6.4,2.4,3.7,15.1,9.4,0.6,0.7,1.3,.116,-2.0,2.6,0.6,0.4
7,LaMarcus Aldridge,PF,31,SAS,72,2335,18.6,.532,.053,.258,8.6,16.6,12.7,9.9,1.0,3.1,7.7,24.5,3.5,3.7,7.3,.149,-0.3,1.4,1.1,1.8
8,Lavoy Allen,PF,27,IND,61,871,11.6,.485,.006,.196,13.7,14.6,14.2,9.1,1.0,2.4,13.7,10.9,0.9,0.8,1.7,.093,-1.5,1.3,-0.3,0.4
9,Tony Allen,SG,35,MEM,71,1914,13.3,.493,.091,.218,9.6,13.8,11.7,8.4,3.1,1.4,13.3,17.9,0.2,2.9,3.1,.077,-1.8,2.4,0.7,1.3
10,Al-Farouq Aminu,SF,26,POR,61,1773,11.3,.506,.455,.292,4.8,23.5,14.1,7.9,1.7,2.0,15.2,15.4,-0.1,2.0,1.9,.051,-2.3,1.2,-1.1,0.4
11,Chris Andersen,C,38,CLE,12,114,11.6,.497,.136,.636,9.0,20.6,15.0,5.9,2.2,5.0,15.1,13.0,0.1,0.2,0.2,.102,-3.8,3.0,-0.9,0.0
12,Alan Anderson,SF,34,LAC,30,308,5.0,.494,.550,.200,1.1,7.4,4.4,4.9,0.5,0.0,7.4,13.7,0.0,0.1,0.1,.020,-2.6,-2.3,-4.9,-0.2
13,Justin Anderson,SF,23,TOT,75,1228,13.9,.537,.442,.294,6.2,16.9,11.3,8.8,1.7,1.6,11.7,20.9,0.6,1.3,1.9,.074,-1.2,-0.3,-1.6,0.1
14,Kyle Anderson,SG,23,SAS,72,1020,12.5,.525,.191,.273,3.7,19.0,11.5,12.4,2.5,2.1,14.3,12.1,0.7,2.0,2.7,.127,-2.1,3.7,1.6,0.9
15,Ryan Anderson,PF,28,HOU,72,2116,13.5,.583,.655,.194,5.8,11.2,8.5,4.7,0.7,0.5,6.2,17.9,4.0,1.1,5.2,.118,1.8,-2.6,-0.8,0.6
16,Giannis Antetokounmpo,SF,22,MIL,80,2845,26.1,.599,.143,.486,5.9,22.6,14.3,26.6,2.3,4.7,13.3,28.3,7.9,4.5,12.4,.210,4.1,3.5,7.6,6.9
17,Carmelo Anthony,SF,32,NYK,74,2538,17.9,.535,.303,.263,2.6,15.9,9.3,14.5,1.2,1.1,9.0,29.1,3.2,1.5,4.7,.089,1.5,-2.2,-0.7,0.8
18,Joel Anthony,C,34,SAS,19,122,11.6,.640,.000,.500,7.6,20.9,14.4,3.4,0.8,4.0,17.0,8.7,0.1,0.2,0.4,.141,-3.1,2.5,-0.6,0.0
19,Trevor Ariza,SF,31,HOU,80,2773,12.3,.548,.695,.158,2.1,15.9,9.0,8.8,2.5,0.6,8.0,14.1,2.8,3.2,6.0,.104,0.7,1.0,1.7,2.6
20,Darrell Arthur,PF,28,DEN,41,639,12.8,.583,.544,.102,4.4,14.9,9.7,9.3,1.5,2.5,13.8,17.3,0.6,0.4,1.1,.081,0.3,-0.6,-0.3,0.3
21,Omer Asik,C,30,NOP,31,482,9.8,.517,.000,.600,10.4,25.3,17.8,4.2,0.5,1.7,14.6,8.8,0.4,0.6,1.0,.100,-4.3,1.2,-3.1,-0.1
22,D.J. Augustin,PG,29,ORL,78,1538,11.0,.524,.530,.311,1.0,7.4,4.1,20.4,1.0,0.1,13.3,19.4,0.7,0.5,1.2,.038,-0.9,-3.3,-4.2,-0.9
23,Luke Babbitt,SF,27,MIA,68,1065,8.4,.563,.747,.053,1.3,13.5,7.4,4.8,1.0,0.8,8.0,13.0,0.8,1.0,1.8,.082,-1.0,-0.8,-1.8,0.1
24,Ron Baker,SG,23,NYK,52,857,7.5,.456,.396,.198,1.5,10.8,6.2,17.3,2.0,0.8,19.2,14.8,-0.6,0.5,-0.1,-0.008,-3.5,-0.9,-4.4,-0.5
25,Wade Baldwin,PG,20,MEM,33,405,6.4,.404,.191,.322,3.0,10.2,6.5,22.8,2.3,1.7,23.4,19.2,-0.9,0.5,-0.4,-0.045,-6.3,0.6,-5.8,-0.4
26,Leandro Barbosa,SG,34,PHO,67,963,11.5,.509,.250,.115,1.6,10.3,5.9,13.0,1.5,0.7,10.4,20.0,0.3,0.4,0.6,.031,-2.0,-2.1,-4.1,-0.5
27,J.J. Barea,PG,32,DAL,35,771,17.2,.521,.431,.149,1.3,11.9,6.3,44.2,0.9,0.1,14.7,26.2,0.8,0.5,1.3,.080,2.0,-2.6,-0.6,0.3
28,Harrison Barnes,PF,24,DAL,79,2803,16.3,.541,.173,.220,3.7,13.2,8.2,7.8,1.2,0.5,6.8,25.3,2.5,2.1,4.6,.079,-0.7,-1.2,-1.9,0.1
29,Matt Barnes,SF,36,TOT,74,1777,10.3,.514,.556,.188,4.6,19.9,12.4,15.6,1.3,1.3,17.3,15.6,0.3,1.7,2.0,.053,-1.2,0.6,-0.6,0.6
30,Will Barton,SG,26,DEN,60,1705,15.5,.547,.353,.285,3.8,12.8,8.4,17.7,1.4,1.3,11.5,21.1,2.5,0.8,3.3,.093,1.3,-1.0,0.3,1.0
31,Brandon Bass,PF,31,LAC,52,577,19.7,.650,.016,.473,8.6,16.2,12.5,5.7,1.2,1.6,11.4,19.7,1.6,0.6,2.2,.186,0.1,-0.8,-0.7,0.2
32,Nicolas Batum,SG,28,CHO,77,2617,15.8,.529,.415,.291,1.9,18.4,10.1,27.6,1.6,1.0,15.0,22.3,1.7,2.8,4.5,.083,0.6,0.6,1.2,2.1
33,Jerryd Bayless,PG,28,PHI,3,71,8.7,.453,.156,.313,4.6,14.0,9.3,29.4,0.0,0.0,19.8,27.7,-0.1,0.0,-0.1,-0.067,-5.2,-2.9,-8.2,-0.1
34,Aron Baynes,C,30,DET,75,1163,13.1,.570,.000,.337,10.0,21.6,15.6,3.9,0.7,2.8,13.5,14.1,1.4,1.5,3.0,.123,-2.9,1.1,-1.8,0.1
35,Kent Bazemore,SF,27,ATL,73,1963,11.5,.504,.369,.233,2.6,10.3,6.5,14.2,2.3,2.3,13.6,20.5,-0.6,2.8,2.1,.053,-2.0,1.2,-0.8,0.6
36,Bradley Beal,SG,23,WAS,77,2684,20.1,.604,.418,.259,2.2,7.8,5.0,16.2,1.5,0.7,9.6,26.5,6.8,1.6,8.5,.151,4.5,-2.4,2.2,2.8
37,Malik Beasley,SG,20,DEN,22,165,13.7,.536,.384,.137,3.4,8.0,5.7,10.2,2.1,0.0,9.4,22.0,0.1,0.1,0.2,.057,-0.5,-3.5,-3.9,-0.1
38,Michael Beasley,PF,28,MIL,56,935,17.8,.584,.106,.259,5.0,18.9,12.0,9.9,1.5,2.5,12.7,25.3,0.8,1.0,1.8,.093,-1.7,-1.1,-2.9,-0.2
39,Marco Belinelli,SG,30,CHO,74,1778,13.3,.566,.460,.273,0.9,10.2,5.5,13.1,1.2,0.4,9.2,19.2,2.0,1.2,3.2,.088,0.1,-2.0,-1.9,0.1
40,DeAndre' Bembry,SF,22,ATL,38,371,8.8,.481,.184,.163,4.2,13.1,8.7,11.5,1.1,1.2,13.2,14.2,-0.1,0.4,0.3,.038,-4.4,0.1,-4.3,-0.2
41,Dragan Bender,PF,19,PHO,43,574,5.3,.440,.627,.068,4.2,15.6,9.7,5.5,0.8,3.1,16.2,14.4,-0.7,0.3,-0.3,-0.029,-4.0,-0.3,-4.3,-0.3
42,Anthony Bennett,PF,23,BRK,23,264,14.7,.533,.522,.391,10.1,21.0,15.6,7.1,0.9,0.9,10.0,19.4,0.3,0.2,0.5,.090,-0.8,-2.2,-3.0,-0.1
43,Ben Bentil,PF,21,DAL,3,10,-17.6,.000,.333,.000,0.0,24.4,11.6,0.0,0.0,0.0,25.0,18.9,-0.1,0.0,-0.1,-0.473,-22.4,-4.5,-26.9,-0.1
44,Davis Bertans,PF,24,SAS,67,808,12.9,.609,.739,.145,3.2,10.6,6.9,8.3,1.3,2.8,11.4,15.7,1.1,1.2,2.3,.135,1.2,0.5,1.7,0.8
45,Patrick Beverley,SG,28,HOU,67,2058,13.0,.546,.530,.175,5.0,15.9,10.4,18.8,2.3,1.0,14.6,14.1,2.9,2.4,5.3,.124,0.8,1.5,2.3,2.2
46,Bismack Biyombo,C,24,ORL,81,1793,12.2,.546,.000,.690,9.3,25.6,17.2,6.0,0.7,4.1,17.7,13.2,0.8,2.1,2.9,.077,-4.2,2.0,-2.2,-0.1
47,Nemanja Bjelica,PF,28,MIN,65,1190,11.0,.526,.497,.171,5.5,18.6,12.0,9.6,1.7,1.4,13.4,16.4,0.6,0.9,1.5,.059,-0.7,-0.4,-1.1,0.3
48,Tarik Black,C,25,LAL,67,1091,15.0,.560,.007,.371,13.8,20.7,17.1,5.3,1.3,3.3,14.5,15.7,1.5,0.9,2.4,.105,-1.8,0.2,-1.6,0.1
49,Eric Bledsoe,PG,27,PHO,66,2176,20.6,.563,.300,.443,2.5,13.8,8.0,31.1,2.0,1.2,15.3,28.1,4.0,1.4,5.4,.119,3.7,-0.4,3.3,2.9
50,Bojan Bogdanovic,SF,27,TOT,81,2083,13.5,.585,.464,.288,1.9,12.3,7.2,8.7,0.8,0.3,12.0,22.4,2.0,0.9,2.9,.067,-0.1,-2.8,-2.8,-0.4
51,Andrew Bogut,C,32,TOT,27,583,9.3,.460,.012,.136,10.6,33.9,21.7,12.3,1.2,3.9,33.4,10.4,-0.3,1.0,0.7,.055,-5.6,5.3,-0.3,0.3
52,Joel Bolomboy,PF,23,UTA,12,53,19.7,.590,.250,.375,9.0,27.6,18.5,6.3,1.0,3.1,9.7,18.2,0.1,0.1,0.2,.171,-1.3,0.5,-0.8,0.0
53,Devin Booker,SG,20,PHO,78,2730,14.6,.531,.283,.308,1.8,8.3,5.0,16.3,1.3,0.6,12.9,28.6,1.4,0.6,2.0,.035,0.4,-2.7,-2.3,-0.2
54,Trevor Booker,PF,29,BRK,71,1754,15.7,.554,.132,.186,8.7,25.5,17.2,12.9,2.1,1.2,16.6,18.7,0.9,2.2,3.1,.086,-1.6,1.8,0.2,1.0
55,Avery Bradley,SG,26,BOS,55,1835,14.4,.548,.357,.120,4.0,16.2,10.1,10.9,1.8,0.5,9.7,21.9,1.1,2.0,3.1,.080,-0.2,-0.4,-0.5,0.7
56,Corey Brewer,SF,30,TOT,82,1281,9.1,.491,.339,.195,2.7,11.5,7.1,10.7,2.3,1.2,12.7,14.3,0.0,1.2,1.2,.045,-2.9,0.2,-2.7,-0.2
57,Malcolm Brogdon,SG,24,MIL,75,1982,14.9,.555,.304,.198,2.8,9.6,6.3,24.3,2.2,0.5,14.1,18.5,2.6,1.5,4.1,.100,0.6,-1.1,-0.5,0.8
58,Aaron Brooks,PG,32,IND,65,894,9.5,.507,.427,.133,2.3,6.3,4.3,20.7,1.4,0.9,17.2,19.2,-0.2,0.5,0.3,.016,-2.1,-2.6,-4.6,-0.6
59,Anthony Brown,SF,24,TOT,11,159,7.2,.430,.540,.000,5.3,16.9,11.0,7.6,1.5,0.5,10.7,15.6,-0.2,0.2,0.0,.002,-3.8,-0.2,-4.0,-0.1
60,Bobby Brown,PG,32,HOU,25,123,10.8,.509,.583,.033,0.0,5.3,2.7,17.6,0.4,0.0,7.6,22.7,0.1,0.0,0.1,.040,-1.5,-6.1,-7.6,-0.2
61,Jaylen Brown,SF,20,BOS,78,1341,10.3,.539,.319,.293,3.8,14.4,9.1,7.2,1.3,1.1,12.5,18.1,0.2,1.3,1.5,.053,-3.1,-0.9,-4.0,-0.7
62,Nicolas Brussino,SF,23,DAL,54,521,10.7,.498,.674,.156,5.5,16.2,10.6,13.9,1.7,1.4,14.7,16.0,0.0,0.6,0.6,.055,-1.7,0.7,-1.0,0.1
63,Reggie Bullock,SF,25,DET,31,467,11.7,.538,.570,.055,2.9,12.4,7.5,8.8,1.9,0.5,7.1,13.4,0.4,0.5,1.0,.101,-0.4,0.5,0.1,0.2
64,Trey Burke,PG,24,WAS,57,703,10.8,.532,.275,.114,1.1,6.4,3.8,20.7,0.8,0.6,15.2,19.6,0.3,0.3,0.5,.036,-2.3,-3.4,-5.7,-0.7
65,Alec Burks,SG,25,UTA,42,653,11.6,.501,.306,.315,3.1,17.7,10.6,7.5,1.4,0.6,11.0,22.7,-0.1,0.9,0.8,.056,-3.3,-0.9,-4.2,-0.4
66,Jimmy Butler,SF,27,CHI,76,2809,25.1,.586,.198,.540,4.9,13.2,9.0,24.8,2.6,0.9,9.3,26.5,10.1,3.8,13.8,.236,5.8,1.1,6.9,6.3
67,Bruno Caboclo,SF,21,TOR,9,40,14.6,.438,.375,.000,14.2,14.1,14.1,15.1,2.5,2.2,11.1,20.1,0.0,0.1,0.1,.083,0.1,0.7,0.8,0.0
68,Jose Calderon,PG,35,TOT,41,539,8.9,.506,.478,.090,3.0,12.2,7.5,23.3,1.0,0.2,22.7,14.4,0.0,0.3,0.3,.023,-2.9,-1.8,-4.7,-0.4
69,Kentavious Caldwell-Pope,SG,23,DET,76,2529,12.8,.519,.471,.199,2.3,8.7,5.3,11.2,1.8,0.4,7.9,19.2,2.0,2.5,4.5,.086,0.9,0.0,0.9,1.9
70,Isaiah Canaan,SG,25,CHI,39,592,8.1,.483,.543,.191,1.1,7.9,4.5,9.0,1.9,0.1,9.6,15.3,0.0,0.5,0.5,.044,-2.2,-1.2,-3.4,-0.2
71,Clint Capela,C,22,HOU,65,1551,21.4,.638,.000,.314,12.5,24.5,18.5,6.9,1.1,4.2,12.0,19.9,3.9,2.1,6.0,.185,0.0,1.0,1.0,1.2
72,DeMarre Carroll,SF,30,TOR,72,1882,11.9,.531,.583,.213,3.8,12.7,8.3,5.7,2.2,1.2,8.3,15.5,1.7,2.1,3.8,.097,0.6,0.4,1.0,1.4
73,Vince Carter,SF,40,MEM,73,1799,11.7,.542,.604,.235,2.2,12.5,7.2,11.5,1.7,1.9,8.5,14.9,1.9,2.1,4.0,.106,0.1,0.9,1.0,1.4
74,Michael Carter-Williams,PG,25,CHI,45,846,9.9,.437,.209,.252,3.0,16.4,9.7,20.0,2.3,2.2,16.3,20.9,-1.0,1.3,0.2,.013,-4.1,1.7,-2.4,-0.1
75,Omri Casspi,SF,28,TOT,36,643,9.9,.523,.261,.176,4.9,15.2,10.1,8.6,1.8,0.4,14.0,14.5,0.1,0.4,0.5,.037,-2.5,-0.6,-3.0,-0.2
76,Willie Cauley-Stein,C,23,SAC,75,1421,16.4,.558,.004,.314,7.0,20.5,13.8,9.4,1.9,2.9,11.2,19.6,1.4,1.5,3.0,.100,-2.0,0.9,-1.1,0.3
77,Tyson Chandler,C,34,PHO,47,1298,16.6,.703,.000,.544,12.6,33.1,22.6,3.3,1.2,1.5,19.2,11.3,2.7,1.3,4.0,.149,-0.7,0.3,-0.4,0.5
78,Wilson Chandler,SF,29,DEN,71,2197,14.9,.545,.347,.207,5.2,17.7,11.5,9.8,1.2,1.1,10.0,22.0,2.4,1.1,3.6,.078,0.5,-1.3,-0.8,0.7
79,Marquese Chriss,PF,19,PHO,82,1743,12.3,.529,.354,.286,5.8,16.1,10.8,5.2,1.8,3.2,13.2,19.7,0.3,1.5,1.8,.050,-1.6,0.0,-1.6,0.2
80,Rakeem Christmas,PF,25,IND,29,219,10.4,.529,.000,.674,13.5,15.2,14.4,2.5,0.7,2.4,12.5,13.1,0.3,0.2,0.5,.099,-3.0,-1.2,-4.3,-0.1
81,Semaj Christon,PG,24,OKC,64,973,5.7,.387,.283,.139,2.2,7.9,5.0,18.1,1.4,0.5,15.4,12.2,-0.7,0.8,0.1,.006,-5.0,-1.3,-6.3,-1.1
82,Ian Clark,SG,25,GSW,77,1137,13.1,.575,.376,.134,2.3,9.1,5.9,11.2,1.7,0.6,10.7,19.5,1.0,1.3,2.3,.099,-0.6,-1.4,-2.0,0.0
83,Jordan Clarkson,SG,24,LAL,82,2397,13.1,.526,.332,.157,2.2,9.3,5.6,14.4,1.8,0.3,12.5,23.3,0.5,0.7,1.2,.024,-0.5,-2.3,-2.7,-0.4
84,Norris Cole,PG,28,OKC,13,125,5.4,.381,.250,.192,0.0,9.8,4.9,16.3,3.1,0.0,11.0,21.5,-0.2,0.2,-0.1,-0.033,-6.5,-1.7,-8.2,-0.2
85,Darren Collison,PG,29,SAC,68,2063,15.3,.570,.245,.239,1.3,7.2,4.3,24.5,1.6,0.4,12.6,19.8,3.1,0.8,3.9,.091,0.8,-2.3,-1.5,0.3
86,Nick Collison,PF,36,OKC,20,128,12.8,.622,.043,.348,7.8,18.2,13.0,13.2,0.8,1.2,13.1,10.1,0.3,0.1,0.4,.144,-1.7,-0.1,-1.8,0.0
87,Mike Conley,PG,29,MEM,69,2292,23.2,.604,.415,.365,1.5,10.8,6.0,34.5,2.1,0.8,11.8,26.3,7.5,2.5,10.0,.209,6.5,-0.7,5.8,4.5
88,Pat Connaughton,SG,24,POR,39,316,11.8,.645,.458,.125,3.5,14.8,9.1,12.7,0.9,0.5,18.3,13.0,0.4,0.2,0.6,.090,-0.9,-1.6,-2.5,0.0
89,Quinn Cook,PG,23,TOT,14,188,11.8,.579,.394,.076,0.6,3.6,2.0,22.8,1.1,0.0,16.0,19.6,0.1,0.1,0.2,.047,-1.7,-4.2,-5.9,-0.2
90,DeMarcus Cousins,C,26,TOT,72,2465,25.7,.562,.254,.468,7.1,29.2,18.2,25.8,2.0,3.3,13.5,36.5,3.8,3.8,7.6,.149,3.9,2.6,6.6,5.3
91,Robert Covington,SF,26,PHI,67,2119,13.2,.534,.563,.238,4.8,17.9,11.3,7.5,2.9,2.6,13.9,19.2,0.0,3.2,3.1,.071,-0.7,2.0,1.4,1.8
92,Allen Crabbe,SG,24,POR,79,2254,11.6,.602,.467,.192,0.9,10.2,5.5,6.1,1.2,0.7,8.1,14.9,3.1,1.0,4.1,.088,0.3,-1.4,-1.1,0.5
93,Jamal Crawford,SG,36,LAC,82,2157,12.0,.526,.371,.234,0.9,5.7,3.3,15.1,1.4,0.5,12.3,22.7,0.5,1.4,1.9,.042,-1.0,-2.1,-3.0,-0.6
94,Jordan Crawford,SG,28,NOP,19,442,17.6,.582,.436,.119,0.9,7.2,4.1,22.7,1.2,0.4,9.8,25.5,0.6,0.3,0.9,.102,2.6,-3.0,-0.4,0.2
95,Jae Crowder,SF,26,BOS,72,2335,14.9,.613,.547,.301,2.3,17.3,9.9,10.1,1.5,0.8,8.8,17.0,4.2,2.5,6.7,.137,1.4,0.1,1.5,2.1
96,Dante Cunningham,SF,29,NOP,66,1649,10.2,.586,.504,.075,3.6,14.2,8.9,3.1,1.2,1.4,7.0,10.7,1.4,1.6,3.0,.088,-1.3,0.8,-0.5,0.6
97,Seth Curry,PG,26,DAL,70,2029,15.5,.601,.458,.142,1.4,9.2,5.1,15.9,2.0,0.3,11.0,19.5,2.9,1.7,4.6,.109,1.8,-0.4,1.4,1.7
98,Stephen Curry,PG,28,GSW,79,2638,24.6,.624,.547,.251,2.7,11.4,7.3,31.1,2.6,0.5,13.0,30.1,8.6,3.9,12.6,.229,7.7,-0.4,7.3,6.2
99,Troy Daniels,SG,25,MEM,67,1183,10.4,.531,.717,.109,2.0,7.9,4.8,6.6,0.9,0.3,8.0,21.7,0.5,0.8,1.3,.051,0.3,-3.4,-3.1,-0.3
100,Anthony Davis,C,23,NOP,75,2708,27.5,.579,.088,.424,6.7,27.9,17.3,11.1,1.7,5.1,9.1,32.6,5.9,5.1,11.0,.196,1.4,2.3,3.7,3.9
101,Deyonta Davis,C,20,MEM,36,238,10.6,.528,.000,.383,9.3,19.8,14.4,1.3,0.7,6.8,12.7,12.0,0.1,0.4,0.5,.097,-5.4,1.8,-3.6,-0.1
102,Ed Davis,PF,27,POR,46,789,11.5,.563,.000,.570,13.4,20.7,17.1,4.8,0.9,2.2,17.2,12.0,1.0,0.7,1.7,.104,-2.2,0.2,-2.0,0.0
103,Dewayne Dedmon,C,27,SAS,76,1330,16.0,.645,.000,.359,11.2,30.5,21.1,4.8,1.4,3.7,16.9,12.3,2.2,3.0,5.2,.188,-1.5,3.2,1.7,1.2
104,Sam Dekker,SF,22,HOU,77,1419,13.0,.549,.436,.159,7.2,14.6,10.9,7.7,1.3,1.2,8.2,14.9,1.9,1.2,3.1,.105,-0.4,-0.6,-1.1,0.3
105,Malcolm Delaney,PG,27,ATL,73,1248,7.5,.456,.284,.240,1.0,9.8,5.5,23.1,1.5,0.1,18.1,18.3,-1.1,1.3,0.1,.005,-4.6,-1.2,-5.8,-1.2
106,Matthew Dellavedova,PG,26,MIL,76,1986,9.4,.501,.403,.180,1.4,7.1,4.3,25.7,1.4,0.0,18.8,16.3,0.3,0.9,1.2,.029,-1.9,-2.8,-4.7,-1.4
107,Luol Deng,SF,31,LAL,56,1486,10.1,.470,.389,.149,4.5,17.7,10.8,7.0,1.6,1.1,8.7,14.2,0.1,0.8,0.9,.029,-2.3,-0.2,-2.5,-0.2
108,DeMar DeRozan,SG,27,TOR,74,2620,24.0,.552,.080,.419,3.0,13.6,8.3,20.6,1.5,0.4,9.0,34.3,6.7,2.4,9.0,.166,2.4,-1.5,0.9,1.9
109,Cheick Diallo,PF,20,NOP,17,199,16.8,.510,.000,.276,12.1,26.7,19.3,3.2,1.0,2.9,7.6,20.5,0.2,0.3,0.5,.111,-4.6,-1.0,-5.6,-0.2
110,Boris Diaw,PF,34,UTA,73,1283,9.0,.494,.248,.107,4.3,9.8,7.1,20.3,0.7,0.6,20.3,15.6,-0.1,1.2,1.1,.041,-2.7,-0.2,-2.9,-0.3
111,Gorgui Dieng,PF,27,MIN,82,2653,14.2,.555,.065,.253,8.1,20.5,14.2,8.6,1.7,3.1,12.7,14.0,3.2,2.5,5.7,.103,-0.5,2.2,1.7,2.5
112,Spencer Dinwiddie,PG,23,BRK,59,1334,12.7,.581,.334,.526,2.2,10.7,6.5,20.3,1.6,1.3,15.1,14.1,1.9,0.9,2.8,.101,-0.7,-0.2,-0.9,0.4
113,Toney Douglas,PG,30,MEM,24,394,10.6,.451,.359,.248,3.7,14.3,8.9,22.2,2.4,1.2,13.9,17.4,0.0,0.5,0.5,.060,-2.2,1.0,-1.2,0.1
114,Goran Dragic,PG,30,MIA,73,2459,19.7,.575,.257,.335,2.7,9.9,6.3,29.0,1.8,0.4,14.1,27.1,5.0,2.6,7.5,.147,3.4,-0.7,2.7,2.9
115,Andre Drummond,C,23,DET,81,2409,20.9,.518,.008,.390,15.1,36.3,25.3,5.9,2.6,3.1,12.5,22.4,1.4,5.3,6.7,.133,-2.1,2.9,0.8,1.7
116,Jared Dudley,PF,31,PHO,64,1362,10.6,.579,.587,.188,2.4,15.9,9.0,12.5,1.5,0.9,16.1,13.7,1.1,0.7,1.8,.065,-0.1,-0.1,-0.2,0.6
117,Mike Dunleavy,SF,36,TOT,53,841,10.1,.573,.609,.205,2.4,12.4,7.5,8.6,0.9,0.7,10.5,14.0,0.8,0.7,1.5,.086,-1.0,-1.2,-2.2,0.0
118,Kris Dunn,PG,22,MIN,78,1333,8.1,.432,.233,.188,2.1,12.6,7.3,19.4,3.0,2.3,20.8,14.2,-1.2,1.3,0.1,.004,-3.7,1.5,-2.2,-0.1
119,Kevin Durant,SF,28,GSW,62,2070,27.6,.651,.304,.374,2.2,23.6,13.6,23.1,1.5,3.8,10.4,27.8,8.0,4.0,12.0,.277,5.4,2.6,8.0,5.2
120,Jarell Eddie,SF,25,PHO,5,62,9.7,.523,.842,.474,1.7,10.8,6.1,0.0,0.8,0.0,4.2,16.2,0.1,0.0,0.1,.054,-1.5,-5.9,-7.3,-0.1
121,Henry Ellenson,PF,20,DET,19,146,7.5,.444,.547,.125,5.8,25.6,15.3,7.2,0.3,0.6,17.2,24.7,-0.4,0.2,-0.2,-0.071,-5.8,-2.4,-8.2,-0.2
122,Wayne Ellington,SG,29,MIA,62,1500,12.6,.565,.710,.077,1.3,8.6,4.9,7.1,1.2,0.2,5.0,17.9,2.1,1.2,3.3,.105,1.8,-1.9,-0.2,0.7
123,Monta Ellis,SG,31,IND,74,1998,10.0,.514,.242,.230,1.1,10.3,5.7,17.2,2.0,1.2,18.0,16.8,-0.7,1.7,1.1,.026,-2.5,0.2,-2.3,-0.2
124,Joel Embiid,C,22,PHI,31,786,24.1,.584,.228,.569,8.5,25.6,17.0,16.0,1.7,7.7,17.9,36.0,0.5,1.5,1.9,.117,0.0,3.2,3.2,1.0
125,James Ennis,SF,26,MEM,64,1501,10.6,.581,.427,.343,5.1,14.9,9.9,6.5,1.6,1.2,13.8,13.0,1.4,1.7,3.2,.101,-1.0,1.0,0.0,0.8
126,Tyler Ennis,PG,22,TOT,53,588,11.0,.521,.337,.120,1.8,6.8,4.3,21.7,2.1,0.3,17.0,19.1,0.1,0.3,0.4,.033,-2.1,-2.7,-4.7,-0.4
127,Tyreke Evans,SF,27,TOT,40,788,15.5,.501,.319,.249,1.8,17.1,9.5,25.9,2.2,1.0,12.9,26.7,-0.2,0.9,0.7,.045,-0.7,-0.1,-0.9,0.2
128,Dante Exum,PG,21,UTA,66,1228,8.6,.521,.410,.201,2.9,9.3,6.2,14.2,0.9,0.8,16.8,18.1,-0.1,1.3,1.2,.047,-2.0,-0.5,-2.5,-0.1
129,Kenneth Faried,PF,27,DEN,61,1296,20.3,.588,.014,.454,15.7,23.6,19.7,6.3,1.6,2.4,10.4,18.3,3.4,1.2,4.6,.169,0.9,-0.1,0.8,0.9
130,Jordan Farmar,PG,30,SAC,2,35,14.4,.500,.750,.000,3.3,6.5,4.9,38.6,2.9,0.0,20.0,19.4,0.0,0.0,0.0,.064,0.7,-3.8,-3.1,0.0
131,Derrick Favors,PF,25,UTA,50,1186,15.8,.512,.024,.261,9.2,20.2,14.9,7.9,2.0,2.7,11.4,20.7,0.5,2.2,2.7,.109,-2.4,2.3,-0.1,0.6
132,Kay Felder,PG,21,CLE,42,386,11.2,.462,.139,.310,0.9,10.5,5.9,22.7,2.3,1.5,14.7,24.3,-0.3,0.4,0.0,.004,-4.9,-1.2,-6.1,-0.4
133,Cristiano Felicio,C,24,CHI,66,1040,15.2,.601,.000,.419,12.8,19.5,16.1,5.7,1.2,1.2,11.2,12.4,2.1,1.3,3.4,.157,-0.6,0.5,-0.1,0.5
134,Raymond Felton,PG,32,LAC,80,1700,10.9,.496,.280,.125,2.2,11.8,7.1,16.3,2.0,1.1,13.3,16.5,0.2,1.8,2.0,.055,-1.8,0.9,-0.9,0.5
135,Yogi Ferrell,PG,23,TOT,46,1197,13.1,.533,.447,.226,1.8,9.2,5.3,23.2,1.8,0.7,13.9,19.6,0.8,1.0,1.8,.072,-0.1,-0.7,-0.7,0.4
136,Dorian Finney-Smith,PF,23,DAL,81,1642,7.7,.486,.574,.183,3.7,12.3,7.8,6.0,1.6,1.4,11.1,11.6,-0.1,1.5,1.4,.041,-2.8,1.3,-1.5,0.2
137,Bryn Forbes,SG,23,SAS,36,285,5.9,.462,.535,.061,0.8,8.2,4.6,11.7,0.2,0.0,9.8,17.9,-0.2,0.2,0.1,.014,-3.2,-2.8,-6.0,-0.3
138,Evan Fournier,SG,24,ORL,68,2234,13.9,.555,.387,.298,2.1,8.3,5.1,14.8,1.5,0.1,11.8,23.5,1.7,1.1,2.8,.059,0.8,-2.2,-1.3,0.4
139,Randy Foye,SG,33,BRK,69,1284,7.3,.506,.625,.194,0.8,11.9,6.4,15.2,1.3,0.5,18.5,14.4,-0.6,0.7,0.2,.006,-3.0,-1.0,-3.9,-0.6
140,Tim Frazier,PG,26,NOP,65,1525,12.4,.504,.317,.319,2.3,9.7,6.0,31.4,1.8,0.3,18.0,16.3,1.0,1.4,2.4,.075,-1.5,-0.7,-2.2,-0.1
141,Channing Frye,C,33,CLE,74,1398,15.6,.612,.644,.142,3.0,19.3,11.4,4.9,1.2,2.1,8.8,19.3,2.3,1.4,3.7,.125,0.8,-1.5,-0.6,0.5
142,Danilo Gallinari,SF,28,DEN,63,2134,17.4,.622,.432,.516,2.0,14.7,8.4,9.1,0.9,0.5,8.1,19.9,6.2,0.7,6.9,.154,2.9,-2.1,0.8,1.5
143,Langston Galloway,PG,25,TOT,74,1495,10.4,.510,.565,.117,1.9,9.3,5.6,9.4,1.5,0.3,7.4,18.4,0.2,1.1,1.3,.041,-0.9,-1.7,-2.6,-0.2
144,Patricio Garino,SG,23,ORL,5,43,-9.2,.000,.714,.000,2.5,15.6,8.9,0.0,0.0,0.0,30.0,10.2,-0.2,0.0,-0.2,-0.250,-14.1,-3.3,-17.3,-0.2
145,Marc Gasol,C,32,MEM,74,2531,20.2,.554,.231,.286,2.6,18.7,10.4,24.8,1.4,3.7,11.3,26.4,4.2,3.5,7.7,.145,2.1,2.2,4.2,4.0
146,Pau Gasol,C,36,SAS,64,1627,20.2,.578,.172,.305,7.6,26.8,17.4,14.7,0.8,3.5,10.6,21.3,3.3,3.1,6.4,.189,0.9,2.8,3.7,2.4
147,Rudy Gay,SF,30,SAC,30,1013,17.9,.559,.256,.312,4.0,17.5,10.8,13.9,2.2,2.3,12.8,25.8,0.8,1.0,1.8,.086,0.3,0.4,0.7,0.7
148,Michael Gbinije,SG,24,DET,9,32,-2.1,.184,.400,.200,6.6,3.5,5.1,7.9,0.0,0.0,0.0,15.0,-0.1,0.0,-0.1,-0.136,-7.7,-2.8,-10.4,-0.1
149,Alonzo Gee,SF,29,DEN,13,89,3.1,.306,.214,.643,5.0,13.5,9.3,8.2,2.7,0.9,18.2,10.5,-0.1,0.1,-0.1,-0.032,-5.6,1.0,-4.6,-0.1
150,Paul George,SF,26,IND,75,2689,20.2,.586,.368,.277,2.5,17.9,10.3,16.1,2.2,0.9,12.6,28.9,4.0,3.1,7.1,.127,3.1,-0.3,2.8,3.2
151,Marcus Georges-Hunt,SG,22,ORL,5,48,10.2,.614,.286,1.429,2.2,18.7,10.2,8.3,1.0,0.0,14.9,12.3,0.1,0.0,0.1,.107,-3.4,-1.3,-4.7,0.0
152,Jonathan Gibson,PG,29,DAL,17,231,9.5,.492,.474,.305,0.5,11.1,5.5,18.8,1.8,0.0,16.3,26.3,-0.3,0.2,-0.1,-0.030,-3.3,-2.2,-5.5,-0.2
153,Taj Gibson,PF,31,TOT,78,1989,15.1,.543,.018,.223,8.6,18.0,13.2,5.9,1.1,2.6,11.9,19.3,1.6,2.5,4.0,.098,-2.4,0.3,-2.1,0.0
154,Manu Ginobili,SG,39,SAS,69,1291,13.9,.532,.517,.244,2.5,11.1,6.9,20.8,3.2,1.0,16.5,20.4,0.6,2.4,3.0,.110,0.5,1.4,1.9,1.3
155,Rudy Gobert,C,24,UTA,81,2744,23.3,.682,.002,.763,13.6,29.5,21.8,5.7,0.9,6.4,15.1,16.7,8.3,6.0,14.3,.250,1.4,4.5,5.8,5.4
156,Archie Goodwin,SG,22,TOT,15,214,18.7,.651,.227,.636,3.5,10.3,6.9,18.5,0.9,1.8,14.2,19.8,0.6,0.1,0.7,.153,0.6,-1.7,-1.1,0.0
157,Aaron Gordon,SF,21,ORL,80,2298,14.4,.530,.309,.251,5.3,14.1,9.6,10.5,1.4,1.4,8.5,20.1,2.0,1.7,3.7,.076,-0.2,-0.4,-0.7,0.8
158,Eric Gordon,SG,28,HOU,75,2323,13.1,.557,.651,.172,1.4,8.1,4.7,12.3,1.0,1.4,10.0,22.1,2.5,1.4,3.8,.079,1.0,-2.4,-1.4,0.4
159,Marcin Gortat,C,32,WAS,82,2556,15.5,.593,.003,.236,10.6,26.8,18.7,6.8,0.8,2.1,13.7,14.7,3.9,2.9,6.8,.128,-0.9,1.2,0.4,1.5
160,Treveon Graham,SG,23,CHO,27,189,10.6,.612,.375,.375,2.9,10.0,6.4,4.7,1.6,0.5,6.0,11.8,0.3,0.2,0.4,.108,-1.5,-1.3,-2.8,0.0
161,Jerami Grant,SF,22,TOT,80,1531,10.1,.556,.354,.448,2.7,12.2,7.4,4.2,1.1,4.1,10.1,12.1,1.1,1.8,2.9,.091,-3.0,0.9,-2.1,0.0
162,Jerian Grant,PG,24,CHI,63,1028,13.1,.555,.445,.243,1.8,9.9,5.8,17.3,2.3,0.6,11.7,16.0,1.3,1.2,2.5,.118,0.0,-0.3,-0.3,0.4
163,Danny Green,SG,29,SAS,68,1807,10.2,.537,.693,.071,2.0,11.8,7.0,9.6,2.0,2.6,14.1,13.5,0.4,3.0,3.4,.090,-0.3,2.7,2.4,2.0
164,Draymond Green,PF,26,GSW,76,2471,16.5,.522,.405,.328,4.6,20.9,13.3,27.6,3.0,3.4,19.8,16.2,2.8,5.4,8.2,.160,0.4,5.0,5.4,4.6
165,Gerald Green,SF,31,BOS,47,538,12.0,.524,.478,.177,3.6,13.9,8.8,9.8,0.8,1.1,9.1,22.7,0.1,0.4,0.6,.051,-1.9,-2.7,-4.7,-0.4
166,JaMychal Green,PF,26,MEM,77,2101,13.5,.601,.290,.334,8.8,21.1,14.8,6.3,1.1,1.5,14.1,14.4,3.1,2.6,5.8,.131,-0.4,1.0,0.6,1.4
167,Jeff Green,PF,30,ORL,69,1534,10.5,.505,.346,.301,2.7,12.8,7.6,8.1,1.2,0.7,10.6,20.3,-0.2,0.9,0.7,.022,-2.8,-1.8,-4.6,-1.0
168,Blake Griffin,PF,27,LAC,61,2076,22.7,.569,.116,.434,6.1,20.2,13.4,24.5,1.4,0.9,10.9,28.0,5.4,2.4,7.7,.179,3.2,1.3,4.4,3.4
169,Justin Hamilton,C,26,BRK,64,1177,13.6,.550,.478,.137,6.5,17.0,11.8,7.3,1.2,2.8,9.7,16.2,1.0,1.0,2.1,.084,-0.9,0.2,-0.8,0.4
170,A.J. Hammons,C,24,DAL,22,163,8.4,.472,.238,.476,5.4,20.9,12.8,3.8,0.3,7.2,16.4,17.6,-0.2,0.2,0.0,-0.001,-7.5,1.9,-5.6,-0.1
171,Tim Hardaway,SG,24,ATL,79,2154,15.2,.568,.457,.235,1.8,9.5,5.7,14.3,1.3,0.6,9.5,22.5,2.7,2.1,4.8,.107,1.3,-1.5,-0.3,0.9
172,James Harden,PG,27,HOU,81,2947,27.3,.613,.493,.575,3.5,20.9,12.2,50.7,2.0,1.0,19.5,34.2,11.5,3.6,15.0,.245,8.7,1.5,10.1,9.0
173,Maurice Harkless,SF,23,POR,77,2223,13.2,.570,.311,.199,6.2,10.8,8.5,6.0,1.9,2.5,11.1,15.1,2.4,1.9,4.2,.092,0.0,0.8,0.8,1.5
174,Justin Harper,PF,27,PHI,3,31,4.9,.500,.583,.000,7.1,10.7,8.9,10.5,0.0,0.0,25.0,22.4,-0.1,0.0,-0.1,-0.103,-5.1,-3.8,-8.8,-0.1
175,Montrezl Harrell,C,23,HOU,58,1064,19.2,.662,.020,.351,8.3,14.2,11.2,9.6,0.9,3.2,9.9,17.6,3.1,1.0,4.1,.183,0.8,0.2,0.9,0.8
176,Devin Harris,PG,33,DAL,65,1087,13.8,.549,.519,.378,1.1,13.0,6.8,20.0,2.1,0.6,12.5,19.7,1.1,1.1,2.2,.096,-0.1,-0.3,-0.4,0.4
177,Gary Harris,SG,22,DEN,57,1782,16.5,.611,.400,.210,3.0,8.0,5.5,13.6,1.9,0.3,9.8,18.4,3.9,0.7,4.6,.124,3.1,-1.6,1.5,1.6
178,Joe Harris,SG,25,BRK,52,1138,9.0,.558,.610,.135,1.5,12.0,6.8,7.3,1.2,0.5,12.5,16.5,0.1,0.6,0.8,.032,-1.4,-1.5,-3.0,-0.3
179,Manny Harris,SG,27,DAL,4,25,-2.2,.239,.133,.267,13.3,29.3,20.9,12.7,0.0,0.0,10.7,35.4,-0.2,0.0,-0.2,-0.364,-15.1,-3.8,-18.8,-0.1
180,Tobias Harris,PF,24,DET,82,2567,16.9,.568,.295,.213,2.6,15.6,8.8,8.8,1.2,1.3,7.6,21.7,4.0,2.8,6.9,.129,1.1,0.1,1.2,2.1
181,Aaron Harrison,SG,22,CHO,5,17,-2.2,.102,.500,.500,0.0,19.5,9.7,22.6,0.0,0.0,0.0,12.9,-0.1,0.0,-0.1,-0.146,-9.6,-2.1,-11.6,0.0
182,Andrew Harrison,PG,22,MEM,72,1474,8.7,.477,.433,.539,1.7,9.0,5.3,20.0,1.9,1.3,16.0,16.4,0.0,1.5,1.6,.051,-2.4,0.0,-2.5,-0.2
183,Udonis Haslem,C,36,MIA,17,130,8.4,.524,.130,.652,6.7,24.1,15.3,6.4,1.9,0.6,21.3,12.8,0.0,0.2,0.2,.069,-4.9,1.1,-3.7,-0.1
184,Spencer Hawes,PF,28,TOT,54,797,15.6,.562,.292,.188,5.3,21.5,13.4,16.5,0.9,3.3,14.0,19.8,0.7,1.0,1.7,.102,-1.2,0.8,-0.5,0.3
185,Gordon Hayward,SF,26,UTA,73,2516,22.2,.595,.324,.371,2.3,15.4,9.0,18.2,1.5,0.6,9.4,27.6,7.1,3.3,10.4,.199,4.2,0.0,4.2,4.0
186,Gerald Henderson,SG,29,PHI,72,1667,10.8,.529,.313,.298,2.2,10.0,6.1,10.5,1.2,0.7,9.0,17.9,1.0,1.0,2.1,.059,-1.8,-1.2,-3.1,-0.5
187,John Henson,C,26,MIL,58,1123,15.3,.550,.003,.346,9.6,20.8,15.3,7.7,1.3,6.1,13.0,16.6,1.1,1.6,2.7,.115,-2.6,2.5,-0.1,0.5
188,Juan Hernangomez,PF,21,DEN,62,842,13.3,.592,.504,.339,5.7,18.7,12.3,4.7,1.7,1.1,10.7,14.6,1.2,0.6,1.8,.103,-0.1,-1.2,-1.3,0.1
189,Willy Hernangomez,C,22,NYK,72,1324,18.9,.564,.032,.269,13.8,27.1,20.4,11.5,1.5,2.2,16.1,20.3,1.8,1.6,3.4,.123,-0.6,0.6,0.0,0.7
190,Mario Hezonja,SF,21,ORL,65,960,7.2,.450,.436,.152,2.2,14.7,8.3,9.6,1.5,1.2,14.1,18.8,-1.4,0.7,-0.7,-0.034,-4.8,-1.0,-5.8,-0.9
191,Roy Hibbert,C,30,TOT,48,682,13.6,.614,.000,.510,8.7,16.2,12.4,4.6,0.6,5.9,15.1,14.0,1.0,0.8,1.8,.130,-2.9,1.9,-1.1,0.2
192,Buddy Hield,SG,23,TOT,82,1888,11.8,.540,.493,.099,2.0,13.5,7.8,10.3,1.0,0.4,11.2,21.4,0.0,1.3,1.3,.032,-0.9,-1.9,-2.8,-0.4
193,Nene Hilario,C,34,HOU,67,1198,18.9,.630,.023,.496,8.6,16.9,12.8,8.6,2.2,2.7,13.1,19.7,2.5,1.6,4.1,.165,-0.4,0.9,0.5,0.8
194,George Hill,PG,30,UTA,49,1544,19.3,.599,.384,.323,1.8,10.5,6.2,22.6,1.7,0.6,10.9,23.5,4.0,1.9,5.9,.182,3.8,-0.3,3.6,2.2
195,Jordan Hill,C,29,MIN,7,47,5.5,.432,.000,.154,19.6,15.1,17.4,0.0,1.1,0.0,22.4,16.8,-0.1,0.0,0.0,-0.033,-6.7,-6.2,-12.9,-0.1
196,Solomon Hill,SF,25,NOP,80,2374,8.0,.528,.566,.268,2.3,11.4,6.8,8.1,1.5,1.1,13.3,11.5,0.4,2.3,2.7,.055,-1.8,1.5,-0.3,1.0
197,Darrun Hilliard,SG,23,DET,39,381,5.9,.459,.365,.222,0.6,9.2,4.7,12.3,1.5,0.4,16.8,19.3,-0.6,0.4,-0.2,-0.027,-5.0,-1.1,-6.1,-0.4
198,Jrue Holiday,PG,26,NOP,67,2190,17.1,.532,.314,.188,2.2,10.6,6.4,35.9,2.2,1.6,16.7,23.5,1.2,2.6,3.8,.084,1.2,0.5,1.7,2.0
199,Justin Holiday,SG,27,NYK,82,1639,12.7,.549,.507,.149,1.8,13.1,7.4,9.2,2.0,1.5,10.3,16.9,1.3,1.2,2.5,.073,-0.3,-0.8,-1.1,0.4
200,Rondae Hollis-Jefferson,SF,22,BRK,78,1761,13.7,.517,.124,.467,5.8,21.1,13.6,13.4,2.2,1.9,15.1,18.7,0.4,2.2,2.6,.070,-2.9,1.9,-1.0,0.4
201,Richaun Holmes,C,23,PHI,57,1193,18.6,.611,.187,.250,8.7,20.1,14.4,8.3,1.7,3.7,10.7,18.6,2.2,1.6,3.7,.151,0.2,1.5,1.7,1.1
202,Rodney Hood,SG,24,UTA,59,1593,12.4,.522,.461,.173,1.2,13.1,7.3,10.1,1.3,0.6,8.3,22.9,0.7,1.9,2.6,.078,-0.3,-0.9,-1.2,0.3
203,Al Horford,C,30,BOS,68,2193,17.7,.553,.302,.169,4.9,18.6,11.8,24.4,1.2,3.3,11.9,19.8,3.6,2.7,6.3,.137,1.0,2.1,3.1,2.8
204,Danuel House,SG,23,WAS,1,1,12.2,,,,0.0,100.0,56.4,0.0,0.0,0.0,0.0,0.0,0.0,0.0,.163,-16.4,-4.4,-20.8,0.0
205,Dwight Howard,C,31,ATL,74,2199,20.8,.627,.003,.692,15.0,31.7,23.5,7.8,1.4,3.6,17.5,19.2,3.8,4.5,8.3,.181,-0.5,2.8,2.3,2.4
206,Marcelo Huertas,PG,33,LAL,23,237,9.1,.417,.279,.250,0.9,10.5,5.5,30.8,2.1,0.7,20.1,17.0,-0.2,0.1,-0.1,-0.025,-4.6,-2.4,-7.0,-0.3
207,Josh Huestis,PF,25,OKC,2,31,26.1,.612,.364,.091,14.3,17.9,16.1,15.5,0.0,7.7,0.0,15.7,0.1,0.0,0.2,.265,3.9,1.8,5.7,0.1
208,Kris Humphries,PF,31,ATL,56,689,13.6,.514,.252,.383,9.7,23.0,16.4,6.4,1.1,2.6,10.1,17.6,0.6,1.1,1.6,.115,-3.0,0.3,-2.7,-0.1
209,R.J. Hunter,SG,23,CHI,3,9,-3.2,.000,1.000,.000,0.0,12.1,6.0,0.0,0.0,0.0,0.0,4.8,0.0,0.0,0.0,-0.088,-9.4,-2.1,-11.4,0.0
210,Serge Ibaka,PF,27,TOT,79,2422,16.4,.566,.323,.127,5.7,19.0,12.2,5.2,0.8,4.2,9.2,20.9,2.5,2.6,5.1,.101,-0.5,0.1,-0.4,1.0
211,Andre Iguodala,SF,33,GSW,76,1998,14.4,.624,.427,.246,3.0,13.1,8.3,16.7,1.8,1.5,11.2,11.2,4.1,2.9,6.9,.167,1.3,1.7,3.0,2.5
212,Ersan Ilyasova,PF,29,TOT,82,2142,14.6,.546,.452,.233,5.9,18.8,12.4,11.0,1.3,0.9,10.6,22.2,1.8,2.3,4.1,.091,0.3,-0.8,-0.5,0.8
213,Joe Ingles,SF,29,UTA,82,1972,12.4,.604,.619,.151,1.4,13.5,7.6,17.1,2.6,0.3,18.2,13.9,2.0,3.0,5.0,.122,0.9,1.8,2.7,2.3
214,Brandon Ingram,SF,19,LAL,79,2279,8.5,.474,.273,.312,2.8,12.8,7.6,10.5,1.1,1.3,12.9,16.8,-1.0,0.7,-0.3,-0.007,-3.1,-0.7,-3.8,-1.1
215,Kyrie Irving,PG,24,CLE,72,2525,23.0,.580,.311,.231,2.3,7.5,5.0,29.7,1.6,0.8,10.3,30.8,7.4,1.5,8.9,.170,4.8,-2.3,2.5,2.9
216,Jarrett Jack,PG,33,NOP,2,33,7.7,.773,.333,.667,0.0,0.0,0.0,20.3,3.0,0.0,43.6,9.2,0.0,0.0,0.0,.060,-5.3,-4.1,-9.3,-0.1
217,Demetrius Jackson,PG,22,BOS,5,17,30.8,.753,.250,1.500,13.2,13.0,13.1,28.2,0.0,0.0,0.0,17.3,0.1,0.0,0.1,.386,9.2,-2.8,6.4,0.0
218,Pierre Jackson,PG,25,DAL,8,84,13.0,.416,.282,.179,1.3,11.6,6.2,38.0,1.2,0.0,6.7,25.3,0.0,0.1,0.0,.021,-1.7,-2.8,-4.4,-0.1
219,Reggie Jackson,PG,26,DET,52,1424,14.9,.510,.272,.201,1.6,7.3,4.3,30.3,1.2,0.3,13.4,26.4,0.8,1.2,1.9,.065,0.6,-2.1,-1.4,0.2
220,LeBron James,SF,32,CLE,74,2794,27.0,.619,.254,.395,4.0,20.7,12.6,41.3,1.6,1.3,16.1,30.0,9.8,3.0,12.9,.221,6.8,1.6,8.4,7.3
221,Al Jefferson,C,32,IND,66,931,18.9,.526,.002,.180,9.2,24.2,16.8,11.0,1.0,1.5,6.1,26.1,1.2,1.1,2.3,.119,-1.5,-1.5,-3.1,-0.3
222,Richard Jefferson,SF,36,CLE,79,1614,8.2,.574,.542,.315,2.0,11.5,6.9,6.6,0.8,0.5,11.8,12.2,1.3,0.8,2.1,.063,-1.3,-1.0,-2.4,-0.1
223,John Jenkins,SG,25,PHO,4,13,17.3,.595,.400,.400,0.0,8.6,4.2,11.5,0.0,0.0,0.0,18.9,0.0,0.0,0.0,.167,1.4,-5.5,-4.1,0.0
224,Brandon Jennings,PG,27,TOT,81,1802,12.1,.479,.471,.284,1.8,10.1,5.9,30.4,1.9,0.2,17.5,17.6,0.7,1.0,1.7,.046,-0.8,-2.2,-3.0,-0.4
225,Jonas Jerebko,PF,29,BOS,78,1232,9.3,.537,.496,.141,5.5,19.1,12.3,8.1,1.0,1.1,12.3,11.4,0.8,1.3,2.1,.081,-2.4,0.3,-2.1,0.0
226,Amir Johnson,PF,29,BOS,80,1608,15.0,.628,.178,.270,8.2,17.0,12.6,13.0,1.6,3.2,15.7,13.6,2.9,2.1,5.0,.149,-0.2,2.4,2.2,1.7
227,Brice Johnson,PF,22,LAC,3,9,17.2,.286,.000,.000,12.8,24.2,18.6,18.6,11.1,9.1,12.5,39.8,-0.1,0.0,0.0,-0.164,-10.7,12.0,1.3,0.0
228,James Johnson,PF,29,MIA,76,2085,17.0,.564,.333,.280,3.5,16.6,9.9,20.9,1.8,3.2,16.5,22.0,1.9,3.2,5.1,.117,0.5,2.2,2.7,2.5
229,Joe Johnson,SF,35,UTA,78,1843,12.8,.542,.412,.123,2.1,12.7,7.6,12.6,1.0,0.8,9.5,18.5,1.7,2.1,3.8,.099,-0.1,-0.1,-0.2,0.8
230,Stanley Johnson,SF,20,DET,77,1371,7.2,.436,.422,.145,2.8,12.7,7.5,10.5,2.1,1.5,15.5,14.8,-1.4,1.8,0.4,.012,-3.8,1.8,-2.0,0.0
231,Tyler Johnson,PG,24,MIA,73,2178,15.9,.535,.303,.308,2.5,12.5,7.4,16.6,1.9,1.6,8.8,20.9,3.1,2.7,5.8,.128,0.7,0.7,1.5,1.9
232,Wesley Johnson,SF,29,LAC,68,810,8.4,.448,.590,.085,3.7,20.8,12.5,3.9,1.8,3.0,8.0,12.5,-0.3,1.2,0.9,.051,-3.4,1.6,-1.8,0.0
233,Nikola Jokic,C,21,DEN,73,2038,26.4,.640,.163,.267,11.6,27.2,19.5,28.8,1.5,2.1,15.2,23.5,7.7,2.0,9.7,.229,6.2,2.2,8.3,5.3
234,Dahntay Jones,SF,36,CLE,1,12,14.7,.461,.250,.500,9.5,8.9,9.2,14.5,0.0,0.0,9.3,39.9,0.0,0.0,0.0,-0.030,-3.8,-7.1,-10.9,0.0
235,Damian Jones,C,21,GSW,10,85,5.3,.466,.000,.625,12.4,17.0,14.8,0.0,0.6,3.7,22.7,13.4,-0.1,0.1,0.0,.018,-7.5,-2.1,-9.6,-0.2
236,Derrick Jones,SF,19,PHO,32,545,12.0,.604,.091,.339,7.6,8.2,7.9,3.1,1.2,1.9,8.6,11.7,0.9,0.2,1.1,.098,-0.5,-0.5,-1.1,0.1
237,James Jones,SF,36,CLE,48,381,11.3,.655,.717,.217,0.9,9.8,5.5,5.2,0.9,2.1,9.0,13.0,0.6,0.2,0.8,.104,0.0,-1.5,-1.5,0.0
238,Terrence Jones,PF,25,TOT,54,1270,16.1,.516,.153,.346,5.4,20.2,12.7,7.3,1.5,3.5,7.8,21.4,0.4,1.9,2.3,.087,-2.7,1.3,-1.4,0.2
239,Tyus Jones,PG,20,MIN,60,774,13.8,.523,.403,.238,1.5,8.7,5.0,28.0,3.1,0.6,16.0,13.6,1.0,0.6,1.5,.095,-0.4,-1.5,-1.9,0.0
240,DeAndre Jordan,C,28,LAC,81,2570,21.8,.673,.003,.737,13.3,34.6,24.2,5.7,1.0,4.3,13.2,15.3,7.2,4.6,11.8,.220,1.0,3.0,4.0,3.9
241,Cory Joseph,SG,25,TOR,80,2003,13.2,.518,.204,.185,2.9,10.4,6.6,20.0,1.7,0.6,13.1,18.4,1.7,1.7,3.4,.082,-0.4,-0.4,-0.8,0.6
242,Frank Kaminsky,C,23,CHO,75,1954,13.0,.502,.441,.195,3.2,15.8,9.5,13.5,1.2,1.5,8.0,21.8,0.4,1.9,2.3,.056,-0.8,-0.7,-1.5,0.2
243,Enes Kanter,C,24,OKC,72,1533,23.7,.599,.052,.387,14.1,20.8,17.4,7.9,1.0,2.0,12.5,27.3,4.0,1.8,5.8,.183,0.6,-1.9,-1.2,0.3
244,Ryan Kelly,PF,25,ATL,16,110,7.8,.408,.357,.214,1.0,16.7,9.0,10.2,1.8,3.9,11.5,13.7,-0.1,0.2,0.1,.029,-6.2,2.3,-3.9,-0.1
245,Michael Kidd-Gilchrist,SF,23,CHO,81,2349,14.3,.528,.015,.314,7.3,19.3,13.2,7.4,1.7,2.9,7.4,14.6,2.7,3.1,5.8,.119,-2.0,2.2,0.2,1.3
246,Sean Kilpatrick,SG,27,BRK,70,1754,13.1,.546,.419,.329,1.3,15.4,8.4,14.6,1.2,0.3,13.9,23.9,0.3,1.1,1.4,.039,-1.2,-1.8,-3.0,-0.4
247,Brandon Knight,SG,25,PHO,54,1140,12.3,.502,.265,.293,2.3,9.1,5.6,17.8,1.1,0.4,13.1,25.0,0.1,0.2,0.3,.013,-1.5,-3.0,-4.5,-0.7
248,Kyle Korver,SG,35,TOT,67,1753,12.1,.635,.697,.082,0.5,11.0,5.9,9.4,1.0,1.0,11.5,15.2,2.3,1.3,3.7,.101,0.8,-1.0,-0.2,0.8
249,Kosta Koufos,C,27,SAC,71,1419,13.8,.560,.003,.158,9.7,22.9,16.4,5.3,1.3,3.1,12.7,15.3,1.2,1.4,2.6,.089,-2.6,0.7,-1.9,0.0
250,Mindaugas Kuzminskas,SF,27,NYK,68,1016,12.4,.533,.455,.184,5.0,8.4,6.7,10.3,1.4,0.9,11.3,19.2,0.8,0.4,1.2,.055,-0.2,-2.5,-2.7,-0.2
251,Skal Labissiere,PF,20,SAC,33,612,16.8,.577,.037,.339,9.7,20.7,15.3,7.5,1.3,1.9,12.9,21.3,0.7,0.5,1.3,.099,-1.7,-0.9,-2.6,-0.1
252,Jeremy Lamb,SG,24,CHO,62,1143,17.0,.550,.297,.263,2.9,22.7,12.7,11.3,1.2,1.8,6.8,23.2,1.4,1.3,2.7,.115,-0.8,-0.8,-1.7,0.1
253,Nicolas Laprovittola,PG,27,SAS,18,174,8.4,.579,.574,.191,0.7,5.7,3.3,23.0,1.2,0.5,27.2,18.2,0.0,0.2,0.2,.044,-2.5,-2.4,-4.9,-0.1
254,Joffrey Lauvergne,PF-C,25,TOT,70,980,12.6,.509,.292,.217,8.0,20.1,14.1,10.8,1.3,0.5,13.2,18.5,0.4,1.1,1.5,.075,-2.3,-0.9,-3.2,-0.3
255,Zach LaVine,SG,21,MIN,47,1749,14.6,.576,.437,.197,1.2,9.5,5.3,12.6,1.2,0.5,9.9,21.7,2.5,0.4,3.0,.082,2.1,-2.4,-0.3,0.8
256,Ty Lawson,PG,29,SAC,69,1732,15.4,.551,.226,.416,3.0,8.9,6.0,30.0,2.2,0.3,17.3,19.5,2.2,1.0,3.2,.088,0.2,-1.5,-1.3,0.3
257,Jake Layman,SF,22,POR,35,249,4.9,.404,.573,.191,2.7,8.0,5.3,6.2,1.8,1.0,10.2,19.0,-0.4,0.1,-0.3,-0.054,-4.7,-2.7,-7.4,-0.3
258,Courtney Lee,SG,31,NYK,77,2459,12.1,.559,.382,.139,2.3,9.1,5.7,10.6,1.6,0.8,8.5,14.4,3.1,1.1,4.2,.081,0.5,-0.7,-0.2,1.1
259,David Lee,PF,33,SAS,79,1477,18.4,.613,.000,.269,11.6,21.9,16.9,13.0,1.1,2.2,14.9,16.9,3.2,2.5,5.7,.186,0.7,2.5,3.2,1.9
260,Alex Len,C,23,PHO,77,1560,15.0,.553,.026,.449,10.6,25.3,17.8,4.2,1.1,5.1,15.5,17.6,1.2,1.7,3.0,.091,-3.0,1.2,-1.8,0.1
261,Kawhi Leonard,SF,25,SAS,74,2474,27.5,.611,.294,.407,3.7,15.7,9.8,18.9,2.7,1.8,9.1,31.1,8.9,4.7,13.6,.264,6.4,1.5,7.9,6.2
262,Meyers Leonard,PF,24,POR,74,1222,8.9,.507,.563,.106,2.4,19.0,10.7,8.4,0.5,1.8,8.1,15.5,0.5,0.8,1.4,.053,-2.1,-1.3,-3.4,-0.4
263,Jon Leuer,PF,27,DET,75,1944,14.2,.551,.259,.175,5.5,17.5,11.3,8.6,0.8,1.1,8.7,17.3,2.5,2.0,4.5,.112,-0.4,0.5,0.2,1.1
264,Caris LeVert,SF,22,BRK,57,1237,12.2,.556,.484,.245,2.0,13.9,8.0,13.7,1.9,0.5,12.3,16.6,0.8,1.0,1.8,.070,-0.7,-0.4,-1.1,0.3
265,DeAndre Liggins,SG,28,TOT,62,777,7.5,.476,.324,.282,2.9,12.2,7.7,9.2,3.0,1.5,20.8,11.6,-0.4,0.9,0.5,.031,-3.9,1.8,-2.1,0.0
266,Damian Lillard,PG,26,POR,75,2694,24.1,.586,.388,.366,1.9,13.3,7.6,28.7,1.3,0.6,10.2,31.5,8.8,1.5,10.3,.184,6.4,-2.0,4.3,4.3
267,Jeremy Lin,PG,28,BRK,36,883,19.2,.566,.390,.353,1.3,14.7,8.1,35.5,2.2,1.2,15.7,26.6,1.3,0.8,2.1,.115,2.5,-0.5,2.0,0.9
268,Shaun Livingston,PG,31,GSW,76,1345,10.1,.568,.009,.190,2.4,9.4,6.2,13.5,1.4,1.2,15.1,12.9,1.1,1.6,2.6,.094,-2.5,0.5,-2.0,0.0
269,Shawn Long,C,24,PHI,18,234,24.1,.595,.174,.321,19.3,20.8,20.0,10.7,1.9,3.1,9.5,25.4,0.6,0.3,0.9,.195,3.4,0.0,3.4,0.3
270,Kevon Looney,C,20,GSW,53,447,13.4,.553,.084,.318,11.5,18.5,15.2,8.5,1.5,3.0,12.2,13.4,0.7,0.8,1.4,.154,-1.4,1.7,0.3,0.3
271,Brook Lopez,C,28,BRK,75,2222,20.4,.578,.330,.311,5.8,13.3,9.6,14.8,0.8,4.2,12.1,29.2,3.1,1.8,4.9,.105,1.9,-0.4,1.5,2.0
272,Robin Lopez,C,28,CHI,81,2271,14.4,.511,.003,.134,11.4,13.2,12.3,5.6,0.4,4.1,9.9,17.5,1.8,2.4,4.3,.090,-1.9,1.0,-0.9,0.6
273,Kevin Love,PF,28,CLE,60,1885,21.1,.573,.449,.340,8.9,29.3,19.5,9.8,1.4,0.9,10.9,26.4,4.0,2.4,6.4,.163,1.7,-0.9,0.8,1.3
274,Kyle Lowry,PG,30,TOR,60,2244,22.9,.623,.510,.398,2.4,12.1,7.3,29.9,2.0,0.7,13.8,24.9,7.8,2.3,10.1,.216,7.1,-0.4,6.7,4.9
275,John Lucas III,PG,34,MIN,5,11,9.1,.250,.250,.000,0.0,0.0,0.0,12.5,9.2,0.0,0.0,16.1,0.0,0.0,0.0,-0.033,-6.0,0.4,-5.6,0.0
276,Timothe Luwawu-Cabarrot,SF,21,PHI,69,1190,8.5,.536,.446,.341,2.3,11.5,6.9,9.6,1.3,0.7,15.0,17.8,0.0,0.8,0.8,.034,-2.8,-1.2,-4.0,-0.6
277,Trey Lyles,PF,21,UTA,71,1158,10.0,.464,.465,.180,4.9,18.1,11.7,9.6,1.2,1.4,11.9,21.7,-0.9,1.6,0.8,.032,-2.9,-0.1,-3.0,-0.3
278,Shelvin Mack,PG,26,UTA,55,1205,10.9,.518,.315,.202,2.0,10.1,6.1,20.4,1.8,0.2,17.8,19.6,-0.1,1.5,1.4,.054,-1.7,-0.1,-1.8,0.1
279,Ian Mahinmi,C,30,WAS,31,555,14.1,.601,.000,.676,9.6,20.8,15.2,4.7,2.9,3.6,19.1,14.0,0.5,0.9,1.4,.123,-2.1,2.9,0.8,0.4
280,Thon Maker,C,19,MIL,57,562,14.0,.558,.409,.271,8.4,15.2,11.8,6.2,0.9,4.1,7.7,17.8,0.8,0.5,1.3,.113,-0.5,-1.0,-1.5,0.1
281,Boban Marjanovic,C,28,DET,35,293,29.6,.606,.000,.439,16.5,32.5,24.2,5.3,1.0,3.4,6.0,25.3,1.2,0.5,1.7,.280,1.0,-0.9,0.1,0.2
282,Jarell Martin,PF,22,MEM,42,558,8.7,.477,.166,.331,8.4,25.3,16.6,2.2,1.6,1.5,13.9,16.4,-0.2,0.8,0.6,.054,-5.8,-0.6,-6.4,-0.6
283,Wesley Matthews,SG,30,DAL,73,2495,11.9,.533,.566,.211,0.8,11.8,6.0,13.6,1.6,0.6,9.9,19.4,1.0,2.1,3.1,.060,0.2,-0.1,0.1,1.3
284,Luc Mbah a Moute,SF,30,LAC,80,1787,10.3,.581,.291,.230,3.0,7.7,5.4,3.1,2.3,1.6,10.1,11.6,1.3,1.8,3.1,.084,-0.8,1.5,0.7,1.2
285,James Michael McAdoo,PF,24,GSW,52,457,13.0,.543,.068,.359,8.7,12.6,10.8,4.9,1.9,5.0,12.3,14.6,0.3,0.8,1.1,.115,-2.8,2.3,-0.5,0.2
286,Patrick McCaw,SG,21,GSW,71,1074,8.6,.540,.502,.151,2.4,7.6,5.2,9.0,1.4,1.1,12.1,11.9,0.6,1.2,1.7,.077,-1.6,-0.1,-1.7,0.1
287,Sheldon McClellan,SG,24,WAS,30,287,10.1,.518,.400,.360,1.6,11.7,6.7,7.0,1.4,0.6,5.4,14.0,0.3,0.2,0.5,.076,-2.1,-1.5,-3.6,-0.1
288,C.J. McCollum,SG,25,POR,80,2796,19.9,.585,.305,.204,2.4,9.2,5.8,18.0,1.3,1.2,9.9,27.5,6.2,1.4,7.6,.131,3.3,-2.2,1.0,2.1
289,T.J. McConnell,PG,24,PHI,81,2133,13.7,.504,.107,.176,2.0,11.0,6.5,37.5,3.1,0.4,22.4,14.4,1.4,2.4,3.8,.084,-2.0,0.1,-1.9,0.0
290,Chris McCullough,PF,21,TOT,16,80,15.2,.526,.219,.156,12.1,13.3,12.7,4.4,1.2,1.9,8.1,19.9,0.1,0.1,0.1,.072,-2.0,-2.6,-4.6,-0.1
291,K.J. McDaniels,SF,23,TOT,49,505,11.5,.555,.391,.225,3.2,14.1,8.7,4.0,1.8,2.8,13.5,18.1,0.0,0.5,0.5,.051,-3.5,-0.6,-4.1,-0.3
292,Doug McDermott,SF,25,TOT,66,1508,10.7,.554,.416,.169,1.4,11.5,6.4,5.9,0.4,0.3,6.6,16.4,1.6,1.0,2.6,.083,-1.2,-2.3,-3.5,-0.6
293,JaVale McGee,C,29,GSW,77,739,25.2,.642,.013,.348,15.8,20.1,18.1,3.8,1.2,7.1,9.8,23.8,2.0,1.5,3.5,.225,0.2,0.6,0.8,0.5
294,Rodney McGruder,SG,25,MIA,78,1966,9.1,.506,.478,.154,5.3,9.2,7.2,8.8,1.2,0.7,10.2,12.3,1.2,1.7,2.9,.072,-0.8,0.5,-0.4,0.8
295,Ben McLemore,SG,23,SAC,61,1176,9.8,.538,.406,.222,1.9,10.8,6.4,6.9,1.2,0.5,11.9,20.1,-0.1,0.5,0.4,.015,-2.1,-2.7,-4.8,-0.8
296,Jordan McRae,SG,25,CLE,37,384,9.7,.488,.340,.227,1.8,9.5,5.7,7.4,1.0,1.3,7.8,20.8,-0.1,0.2,0.2,.020,-3.7,-2.8,-6.5,-0.4
297,Josh McRoberts,PF,29,MIA,22,381,9.8,.439,.263,.076,6.6,15.0,10.7,18.9,1.3,0.8,15.9,16.9,-0.1,0.4,0.3,.036,-2.9,0.5,-2.4,0.0
298,Jodie Meeks,SG,29,ORL,36,738,13.1,.567,.535,.289,0.7,10.9,5.7,9.3,2.3,0.4,11.1,19.4,0.5,0.6,1.1,.073,-0.4,-1.4,-1.8,0.0
299,Salah Mejri,C,30,DAL,73,905,14.8,.650,.022,.445,11.9,28.4,19.8,2.4,1.8,6.1,19.6,10.6,1.3,1.7,3.0,.159,-3.6,3.8,0.2,0.5
300,Jordan Mickey,PF,22,BOS,25,141,9.8,.473,.029,.412,10.4,16.4,13.4,7.1,1.1,3.5,18.3,15.5,-0.1,0.2,0.1,.036,-5.7,0.9,-4.8,-0.1
301,Khris Middleton,SF,25,MIL,29,889,15.0,.570,.312,.276,1.5,14.5,8.1,17.5,2.3,0.7,14.8,22.5,0.7,0.9,1.6,.085,0.0,-0.6,-0.5,0.3
302,C.J. Miles,SF,29,IND,76,1776,13.7,.592,.632,.144,1.9,12.4,7.2,4.1,1.3,1.2,5.5,18.4,2.7,1.4,4.0,.109,1.5,-2.1,-0.5,0.7
303,Mike Miller,SF,36,DEN,20,151,7.8,.586,.870,.087,2.2,26.1,14.3,18.3,0.6,0.0,35.2,10.4,0.0,0.1,0.1,.021,-3.0,-0.8,-3.8,-0.1
304,Patty Mills,PG,28,SAS,80,1754,15.2,.577,.572,.129,1.6,7.4,4.6,24.3,1.9,0.1,13.3,19.5,2.8,2.2,5.1,.139,2.5,-1.2,1.3,1.5
305,Elijah Millsap,SG,29,PHO,2,23,-3.4,.190,.286,.286,13.8,14.6,14.2,5.6,0.0,0.0,20.2,18.0,-0.1,0.0,-0.1,-0.233,-9.9,-3.3,-13.2,-0.1
306,Paul Millsap,PF,31,ATL,69,2343,17.8,.542,.248,.417,5.3,19.5,12.5,17.9,1.9,2.3,12.1,24.4,2.6,3.8,6.4,.132,0.5,2.1,2.7,2.7
307,Nikola Mirotic,PF,25,CHI,70,1679,14.5,.546,.603,.205,3.9,20.9,12.3,6.9,1.6,2.7,10.4,19.8,1.3,2.5,3.8,.108,0.0,0.5,0.4,1.0
308,Greg Monroe,C,26,MIL,81,1823,21.1,.572,.006,.329,10.8,23.1,17.0,17.3,2.6,1.8,14.4,24.3,3.0,2.6,5.6,.147,0.5,1.5,2.0,1.9
309,E'Twaun Moore,SG,27,NOP,73,1820,12.1,.537,.336,.120,1.9,6.9,4.4,13.8,1.3,1.4,8.7,17.4,1.2,1.5,2.7,.070,-0.8,-0.5,-1.3,0.3
310,Marcus Morris,SF,27,DET,79,2565,12.4,.508,.355,.184,3.2,12.8,7.8,9.4,1.0,0.8,7.4,20.3,1.4,2.4,3.9,.072,-0.3,-0.2,-0.5,1.0
311,Markieff Morris,PF,27,WAS,76,2374,13.7,.540,.220,.242,5.1,18.2,11.7,7.8,1.7,1.5,11.6,20.5,1.6,2.5,4.1,.083,-1.3,0.2,-1.0,0.6
312,Anthony Morrow,SG,31,TOT,49,714,10.0,.505,.528,.147,1.9,2.9,2.4,5.2,1.7,0.2,2.2,16.4,0.7,0.5,1.2,.083,-1.2,-3.1,-4.3,-0.4
313,Donatas Motiejunas,PF,26,NOP,34,479,9.2,.470,.341,.355,5.7,16.6,11.1,10.3,1.8,1.9,16.3,17.6,-0.4,0.6,0.2,.018,-4.1,1.2,-2.9,-0.1
314,Timofey Mozgov,C,30,LAL,54,1104,12.3,.553,.003,.238,9.9,16.4,13.1,5.9,0.7,2.3,16.6,16.8,0.7,0.4,1.1,.048,-2.8,-0.8,-3.6,-0.4
315,Emmanuel Mudiay,PG,20,DEN,55,1406,10.9,.483,.323,.303,2.3,11.6,7.0,21.8,1.4,0.7,16.5,22.6,-0.4,0.5,0.2,.006,-2.0,-1.8,-3.8,-0.6
316,Shabazz Muhammad,SF,24,MIN,78,1516,14.9,.566,.244,.318,6.4,10.6,8.5,3.7,0.7,0.3,7.6,21.5,2.5,0.2,2.7,.086,-0.2,-4.3,-4.4,-0.9
317,Dejounte Murray,PG,20,SAS,38,322,9.6,.503,.198,.259,2.2,12.4,7.4,22.6,1.3,1.5,22.7,23.5,-0.4,0.5,0.0,.004,-4.6,-0.2,-4.8,-0.2
318,Jamal Murray,SG,19,DEN,82,1764,11.9,.518,.471,.164,2.6,10.7,6.7,14.0,1.4,1.1,12.6,21.6,0.6,0.7,1.4,.037,-0.5,-2.1,-2.6,-0.3
319,Mike Muscala,C,25,ATL,70,1237,14.4,.596,.326,.190,6.9,14.4,10.7,11.9,1.2,2.8,13.1,14.8,1.8,1.6,3.4,.132,-0.4,1.5,1.1,1.0
320,Larry Nance Jr.,PF,24,LAL,63,1442,15.8,.567,.100,.222,8.8,19.6,14.0,9.7,2.8,2.3,12.4,13.4,2.1,1.5,3.5,.118,-0.3,2.3,2.0,1.5
321,Shabazz Napier,PG,25,POR,53,512,13.6,.533,.503,.268,1.7,11.5,6.6,19.5,3.1,0.3,16.7,21.2,0.1,0.5,0.6,.060,-0.9,-1.3,-2.2,0.0
322,Maurice Ndour,PF,24,NYK,32,331,11.3,.503,.081,.302,7.1,13.7,10.4,3.5,2.3,2.0,11.0,14.3,0.1,0.3,0.4,.059,-3.5,-0.3,-3.8,-0.1
323,Gary Neal,SG,32,ATL,2,18,-4.3,.228,.286,.571,0.0,6.0,3.1,7.1,0.0,0.0,0.0,21.2,-0.1,0.0,-0.1,-0.189,-11.8,-4.9,-16.6,-0.1
324,Jameer Nelson,PG,34,DEN,75,2045,11.4,.544,.452,.104,1.5,8.8,5.2,26.0,1.3,0.3,17.0,15.8,2.3,0.5,2.8,.065,0.3,-2.3,-2.0,0.0
325,Raul Neto,PG,24,UTA,40,346,10.7,.527,.341,.099,1.4,8.4,5.0,15.1,3.2,1.2,13.6,14.8,0.2,0.6,0.7,.100,-1.7,1.4,-0.3,0.1
326,Georges Niang,PF,23,IND,23,93,0.1,.285,.333,.056,2.4,17.9,10.3,7.5,1.6,0.0,11.9,20.2,-0.4,0.1,-0.3,-0.168,-9.9,-2.2,-12.1,-0.2
327,Andrew Nicholson,PF,27,TOT,38,342,5.9,.427,.243,.126,4.9,14.6,9.8,4.1,2.3,1.5,12.7,17.0,-0.5,0.4,-0.1,-0.019,-5.9,-0.5,-6.4,-0.4
328,Joakim Noah,C,31,NYK,46,1015,15.2,.493,.005,.388,17.0,25.7,21.3,14.1,1.5,3.0,19.8,12.5,1.1,1.2,2.3,.107,-0.7,2.8,2.1,1.1
329,Nerlens Noel,C,22,TOT,51,1047,20.4,.622,.003,.359,9.8,22.3,15.9,8.1,3.1,4.1,12.5,17.6,2.1,1.9,4.0,.182,-0.5,3.8,3.3,1.4
330,Lucas Nogueira,C,24,TOR,57,1088,15.5,.682,.077,.429,8.5,16.7,12.6,5.4,2.4,7.2,19.9,9.5,1.7,2.0,3.7,.164,-0.1,5.6,5.4,2.0
331,Steve Novak,PF,33,MIL,8,22,1.3,.357,.857,.000,0.0,15.7,7.9,0.0,0.0,0.0,0.0,14.5,0.0,0.0,0.0,-0.075,-6.9,-6.7,-13.6,-0.1
332,Dirk Nowitzki,PF,38,DAL,54,1424,17.0,.529,.308,.165,1.8,28.3,14.4,10.6,1.1,2.4,6.6,25.8,0.6,1.9,2.5,.084,-1.6,0.3,-1.3,0.2
333,Jusuf Nurkic,C,22,TOT,65,1391,17.5,.528,.002,.393,12.3,24.8,18.6,13.9,1.8,4.2,18.6,23.9,0.2,1.8,2.0,.068,-2.3,2.2,-0.2,0.6
334,David Nwaba,SG,24,LAL,20,397,12.1,.611,.062,.481,4.3,13.1,8.5,5.0,1.6,1.4,10.1,11.8,0.6,0.2,0.7,.090,-1.7,-0.3,-2.0,0.0
335,Johnny O'Bryant,PF,23,TOT,11,80,14.9,.582,.200,.200,12.4,13.7,13.1,12.7,0.0,1.0,15.5,21.1,0.1,0.0,0.1,.088,-0.2,-3.1,-3.3,0.0
336,Kyle O'Quinn,C,26,NYK,79,1229,20.5,.552,.041,.201,13.7,24.8,19.2,14.8,1.5,6.9,14.5,18.5,2.1,1.8,3.9,.151,-0.1,3.7,3.5,1.7
337,Daniel Ochefu,C,23,WAS,19,75,6.6,.430,.000,.074,7.6,25.4,16.5,5.8,1.3,0.0,9.7,18.0,-0.1,0.1,0.0,.005,-6.5,-1.9,-8.4,-0.1
338,Jahlil Okafor,C,21,PHI,50,1134,14.8,.546,.000,.335,7.9,15.5,11.7,9.0,0.9,3.4,14.4,24.1,0.1,1.1,1.2,.050,-3.4,0.1,-3.3,-0.4
339,Victor Oladipo,SG,24,OKC,67,2222,13.6,.534,.378,.165,1.9,12.6,7.2,12.5,1.7,0.8,10.6,21.4,1.7,2.3,4.0,.085,-0.4,-0.9,-1.3,0.4
340,Kelly Olynyk,C,25,BOS,75,1538,15.2,.603,.378,.242,5.3,20.7,13.0,15.2,1.4,1.5,14.6,19.0,2.2,1.9,4.1,.127,0.1,0.5,0.7,1.0
341,Arinze Onuaku,C,29,ORL,8,28,5.8,.500,.000,.000,7.6,16.0,11.7,9.9,0.0,2.9,33.3,9.4,0.0,0.0,0.0,-0.005,-6.5,0.7,-5.9,0.0
342,Chinanu Onuaku,C,20,HOU,5,52,12.3,.799,.000,.571,4.2,16.8,10.5,7.8,2.8,1.6,31.3,10.4,0.1,0.1,0.1,.123,-2.4,1.8,-0.6,0.0
343,Kelly Oubre,SF,21,WAS,79,1605,9.1,.516,.425,.224,4.3,13.9,9.1,4.0,1.8,0.9,9.2,14.5,0.6,1.4,2.1,.062,-1.8,-0.5,-2.3,-0.1
344,Zaza Pachulia,C,32,GSW,70,1268,16.1,.588,.007,.410,12.9,22.0,17.7,13.6,2.2,2.0,19.5,15.3,2.2,2.5,4.7,.177,-0.3,3.0,2.7,1.5
345,Georgios Papagiannis,C,19,SAC,22,355,12.7,.573,.020,.137,7.9,19.9,14.0,9.0,0.4,4.4,18.2,16.9,0.1,0.3,0.4,.058,-3.5,0.8,-2.7,-0.1
346,Jabari Parker,PF,21,MIL,51,1728,19.1,.563,.219,.268,5.4,15.7,10.6,14.3,1.5,1.1,9.2,26.5,2.6,1.5,4.1,.113,1.5,-1.3,0.3,1.0
347,Tony Parker,PG,34,SAS,63,1587,13.0,.514,.121,.206,0.7,7.3,4.0,27.8,1.1,0.1,12.5,20.2,1.4,1.7,3.0,.091,-1.2,-1.7,-3.0,-0.4
348,Chandler Parsons,SF,28,MEM,34,675,7.6,.436,.419,.194,1.0,13.6,7.1,12.8,1.5,0.7,9.1,17.8,-0.5,0.7,0.2,.016,-3.6,-0.5,-4.0,-0.3
349,Lamar Patterson,SG,25,ATL,5,40,-1.9,.276,.400,.200,2.8,16.3,9.6,21.1,1.2,0.0,19.7,22.2,-0.2,0.0,-0.1,-0.176,-9.9,-1.2,-11.2,-0.1
350,Patrick Patterson,PF,27,TOR,65,1599,10.8,.542,.659,.156,4.4,16.2,10.3,6.6,1.3,1.2,8.5,12.5,1.7,1.6,3.3,.100,0.5,0.4,0.9,1.2
351,Chris Paul,PG,31,LAC,61,1921,26.2,.614,.385,.331,2.5,14.9,8.8,46.8,3.1,0.3,14.0,24.4,8.0,2.6,10.6,.264,7.8,1.0,8.7,5.2
352,Adreian Payne,PF,25,MIN,18,135,14.4,.505,.278,.352,7.7,21.0,14.3,8.0,3.0,4.4,11.4,23.1,0.0,0.2,0.2,.086,-2.2,0.7,-1.5,0.0
353,Cameron Payne,PG,22,TOT,31,462,5.6,.407,.446,.041,0.7,10.7,5.7,17.7,1.5,0.9,12.9,20.9,-0.8,0.4,-0.3,-0.034,-4.8,-2.1,-6.9,-0.6
354,Elfrid Payton,PG,22,ORL,82,2412,17.2,.520,.160,.231,3.9,13.8,8.7,35.7,1.8,1.3,15.0,21.6,2.4,2.0,4.4,.088,0.7,0.2,0.9,1.7
355,Gary Payton,PG,24,MIL,6,99,4.5,.413,.409,.227,0.0,14.0,7.1,18.1,1.5,3.6,29.2,15.8,-0.3,0.1,-0.2,-0.074,-7.3,0.6,-6.7,-0.1
356,Paul Pierce,SF,39,LAC,25,277,5.7,.535,.614,.186,0.4,18.5,9.7,5.0,0.7,1.5,17.4,14.8,-0.2,0.3,0.1,.015,-3.9,-0.5,-4.4,-0.2
357,Marshall Plumlee,C,24,NYK,21,170,10.9,.521,.000,.633,14.5,17.8,16.2,8.1,1.2,1.9,23.8,12.8,0.0,0.1,0.2,.048,-2.9,0.1,-2.8,0.0
358,Mason Plumlee,C,26,TOT,81,2148,18.1,.558,.010,.482,8.8,22.5,15.6,19.8,1.6,3.4,15.2,18.1,3.6,2.5,6.0,.134,0.0,2.6,2.6,2.5
359,Miles Plumlee,C,28,TOT,45,484,8.4,.518,.000,.424,9.0,13.3,11.1,6.1,1.9,2.4,21.6,13.1,-0.1,0.5,0.5,.045,-4.4,0.7,-3.6,-0.2
360,Jakob Poeltl,C,21,TOR,54,626,12.2,.589,.000,.496,14.1,15.7,14.9,2.7,1.4,2.8,17.2,12.1,0.9,0.7,1.6,.125,-1.2,0.5,-0.7,0.2
361,Otto Porter,SF,23,WAS,80,2605,17.3,.628,.425,.148,5.1,17.1,11.1,6.7,2.2,1.3,4.8,15.1,6.5,2.9,9.4,.173,3.0,0.9,3.9,3.9
362,Bobby Portis,PF,21,CHI,64,1000,14.9,.545,.256,.157,8.0,24.0,16.0,5.7,0.8,0.9,8.4,19.1,1.1,1.2,2.4,.114,-1.6,-1.5,-3.1,-0.3
363,Kristaps Porzingis,PF,21,NYK,66,2164,17.4,.546,.319,.256,5.5,18.2,11.8,7.3,1.1,4.9,9.7,24.3,2.4,2.1,4.5,.100,0.2,0.0,0.2,1.2
364,Dwight Powell,C,25,DAL,77,1333,17.6,.588,.196,.374,7.7,19.5,13.3,6.1,2.4,2.6,7.2,16.7,2.7,1.9,4.6,.165,-0.5,1.9,1.4,1.2
365,Norman Powell,SG,23,TOR,76,1368,14.0,.552,.342,.314,2.2,11.7,6.9,9.3,1.9,0.9,10.8,21.1,1.4,1.4,2.8,.097,-0.4,-1.2,-1.5,0.2
366,Alex Poythress,PF,23,PHI,6,157,13.2,.548,.352,.185,7.7,12.7,10.2,5.1,0.9,1.0,4.9,16.9,0.2,0.1,0.3,.099,-0.6,-1.9,-2.5,0.0
367,Ronnie Price,PG,33,PHO,14,134,5.9,.272,.708,.167,2.4,6.7,4.5,16.9,3.9,0.6,10.4,9.0,-0.1,0.1,0.0,.002,-3.2,0.8,-2.4,0.0
368,Tim Quarterman,SG,22,POR,16,80,10.2,.511,.448,.103,5.5,13.9,9.7,21.1,1.2,3.0,26.6,22.8,-0.1,0.1,-0.1,-0.044,-4.0,-0.8,-4.8,-0.1
369,Chasson Randle,PG,23,TOT,26,299,13.6,.586,.480,.439,2.2,9.4,5.8,16.8,1.5,0.5,14.0,19.7,0.5,0.1,0.7,.106,0.3,-2.9,-2.6,0.0
370,Julius Randle,PF,22,LAL,74,2132,16.3,.543,.082,.365,7.5,25.8,16.3,19.3,1.1,1.4,16.2,21.4,2.0,1.5,3.5,.080,-0.7,0.7,0.0,1.1
371,Zach Randolph,PF,35,MEM,73,1786,18.5,.490,.098,.200,11.3,27.4,19.1,13.5,1.1,0.5,8.6,29.2,0.8,2.4,3.2,.086,-1.4,-0.7,-2.1,0.0
372,J.J. Redick,SG,32,LAC,78,2198,14.8,.599,.526,.227,0.6,7.9,4.3,7.8,1.3,0.5,9.1,21.9,3.3,1.5,4.8,.105,2.0,-2.0,0.0,1.1
373,Willie Reed,C,26,MIA,71,1031,17.1,.578,.014,.309,13.7,22.0,17.8,3.9,0.9,3.6,8.7,15.3,2.1,1.5,3.6,.168,-1.3,0.7,-0.6,0.4
374,Josh Richardson,SG,23,MIA,53,1614,10.7,.493,.442,.150,2.4,9.2,5.8,12.7,1.9,1.9,10.6,16.8,0.3,1.9,2.2,.066,-1.0,1.1,0.2,0.9
375,Malachi Richardson,SG,21,SAC,22,198,9.6,.517,.412,.279,1.8,11.5,6.7,8.7,1.3,0.5,9.5,19.3,0.0,0.1,0.1,.028,-2.5,-3.0,-5.5,-0.2
376,Austin Rivers,SG,24,LAC,74,2054,11.4,.545,.409,.261,1.1,7.5,4.4,15.0,1.2,0.4,12.4,20.3,1.2,1.3,2.5,.059,-0.1,-1.5,-1.6,0.2
377,Andre Roberson,SF,25,OKC,79,2376,9.6,.510,.397,.240,4.6,14.2,9.4,4.6,1.9,2.7,9.1,10.1,1.1,3.1,4.2,.085,-2.1,2.1,0.0,1.2
378,Brian Roberts,PG,31,CHO,41,416,9.8,.510,.361,.320,1.3,9.0,5.2,18.7,1.1,0.2,15.7,17.9,0.0,0.3,0.2,.028,-3.3,-2.6,-5.9,-0.4
379,Glenn Robinson,SF,23,IND,69,1426,11.5,.564,.370,.225,4.5,14.6,9.6,4.7,1.4,1.2,9.1,12.8,1.3,1.2,2.5,.085,-1.2,-0.2,-1.4,0.2
380,Thomas Robinson,PF,25,LAL,48,560,17.3,.535,.005,.337,15.8,28.1,21.8,8.8,2.3,1.3,17.0,20.7,0.3,0.6,0.9,.079,-2.2,-0.1,-2.3,0.0
381,Sergio Rodriguez,PG,30,PHI,68,1518,11.0,.484,.470,.050,1.5,9.9,5.7,35.4,1.5,0.2,18.9,19.3,-0.3,1.0,0.7,.022,-1.6,-2.4,-4.0,-0.7
382,Rajon Rondo,PG,30,CHI,69,1843,13.6,.461,.237,.089,4.2,16.6,10.4,37.0,2.7,0.5,22.4,17.8,-0.3,2.7,2.3,.061,-1.3,1.6,0.3,1.1
383,Derrick Rose,PG,28,NYK,64,2082,17.0,.530,.061,.259,3.4,9.3,6.4,22.8,1.1,0.7,11.9,25.7,2.4,0.6,3.0,.068,0.2,-2.2,-1.9,0.0
384,Terrence Ross,SF,25,TOT,78,1955,13.4,.550,.524,.103,1.0,10.9,5.9,7.1,2.3,1.4,8.0,19.3,1.5,2.0,3.5,.086,0.4,-0.6,-0.2,0.9
385,Terry Rozier,PG,22,BOS,74,1263,10.8,.466,.436,.161,3.6,16.3,10.0,15.2,1.8,0.7,9.7,17.1,0.0,1.4,1.4,.053,-2.5,0.0,-2.5,-0.2
386,Ricky Rubio,PG,26,MIN,75,2469,16.8,.539,.302,.438,3.2,11.4,7.2,38.9,2.6,0.3,20.1,17.4,4.5,1.7,6.1,.119,1.7,-1.0,0.8,1.7
387,Damjan Rudez,SF,30,ORL,45,314,6.3,.466,.727,.000,1.7,7.1,4.3,9.2,1.9,0.3,9.3,13.6,-0.1,0.2,0.1,.008,-2.8,-1.9,-4.7,-0.2
388,Brandon Rush,SG,31,MIN,47,1030,6.6,.505,.610,.096,1.8,9.5,5.6,5.8,1.1,1.9,12.6,9.6,0.1,0.3,0.4,.019,-2.0,-0.1,-2.1,0.0
389,D'Angelo Russell,PG,20,LAL,63,1811,15.3,.518,.443,.217,1.8,11.9,6.7,26.8,2.3,0.7,15.6,26.6,0.3,1.0,1.3,.034,1.1,-1.6,-0.5,0.7
390,Domantas Sabonis,PF,20,OKC,81,1632,6.9,.469,.331,.139,3.0,16.4,9.7,7.2,1.2,1.6,14.0,15.4,-1.0,1.8,0.7,.022,-4.7,-0.1,-4.9,-1.2
391,Larry Sanders,C,28,CLE,5,13,6.5,.410,.000,.500,26.3,8.2,17.0,0.0,3.8,6.2,29.1,23.6,0.0,0.0,0.0,-0.029,-8.7,-0.9,-9.6,0.0
392,Dario Saric,PF,22,PHI,81,2129,12.8,.508,.368,.237,5.8,20.8,13.3,14.3,1.3,1.1,15.2,24.6,-1.2,2.2,1.0,.023,-2.0,-0.2,-2.2,-0.1
393,Tomas Satoransky,SG,25,WAS,57,719,8.5,.480,.253,.226,3.9,9.1,6.5,16.7,1.8,0.7,19.1,12.1,0.1,0.5,0.6,.041,-2.9,-0.2,-3.1,-0.2
394,Dennis Schroder,PG,23,ATL,79,2485,16.1,.533,.242,.210,1.9,9.0,5.5,35.5,1.5,0.6,16.3,27.8,1.2,2.5,3.7,.071,0.7,-1.4,-0.7,0.8
395,Luis Scola,PF,36,BRK,36,461,13.9,.550,.331,.245,11.9,20.0,16.0,12.7,1.4,0.7,16.9,18.7,0.4,0.4,0.8,.082,-0.8,-0.4,-1.2,0.1
396,Mike Scott,PF,28,ATL,18,195,5.9,.360,.458,.136,5.7,15.0,10.4,12.5,1.0,1.3,11.3,15.8,-0.3,0.2,-0.1,-0.014,-5.3,-0.1,-5.3,-0.2
397,Thabo Sefolosha,SF,32,ATL,62,1596,11.9,.519,.304,.190,3.8,14.7,9.3,9.9,3.0,1.7,11.9,13.3,0.6,2.7,3.3,.098,-1.9,3.1,1.2,1.3
398,Wayne Selden,SG,22,TOT,14,236,6.9,.525,.483,.379,0.5,7.2,3.8,8.5,1.3,0.4,15.1,15.3,-0.1,0.2,0.1,.017,-3.4,-1.6,-5.0,-0.2
399,Kevin Seraphin,PF,27,IND,49,559,14.4,.559,.010,.111,8.3,20.0,14.3,6.7,0.6,3.1,12.3,19.0,0.4,0.6,1.0,.082,-3.1,-0.6,-3.7,-0.2
400,Ramon Sessions,PG,30,CHO,50,811,12.3,.495,.236,.449,1.5,8.5,4.9,24.2,1.6,0.3,12.7,20.1,0.3,0.6,0.9,.054,-2.4,-2.3,-4.8,-0.6
401,Iman Shumpert,SG,26,CLE,76,1937,9.0,.536,.534,.184,2.3,9.9,6.2,7.8,1.6,1.1,12.9,13.9,0.7,1.4,2.0,.050,-1.3,0.0,-1.3,0.3
402,Pascal Siakam,PF,22,TOR,55,859,11.5,.523,.034,.156,8.4,15.9,12.2,2.9,1.5,4.5,13.1,13.1,0.4,1.2,1.6,.089,-3.0,1.8,-1.1,0.2
403,Jonathon Simmons,SG,27,SAS,78,1392,9.9,.504,.242,.314,1.7,11.1,6.5,13.2,1.7,1.5,13.7,18.0,-0.1,2.1,2.0,.068,-2.8,0.9,-1.9,0.0
404,Kyle Singler,SF,28,OKC,32,385,5.9,.486,.446,.205,2.3,11.5,6.9,3.2,0.9,1.0,10.8,11.2,0.0,0.3,0.3,.034,-4.6,-1.3,-5.9,-0.4
405,Marcus Smart,SG,22,BOS,79,2399,12.0,.486,.443,.334,3.7,10.5,7.1,22.0,2.6,1.2,15.6,18.8,0.5,2.7,3.2,.064,-1.1,0.9,-0.3,1.0
406,Ish Smith,PG,28,DET,81,1955,14.7,.477,.140,.136,1.1,12.4,6.6,32.5,1.6,1.4,12.4,20.5,0.9,2.2,3.1,.076,-1.2,0.4,-0.8,0.6
407,J.R. Smith,SG,31,CLE,41,1187,8.1,.484,.761,.042,1.6,8.6,5.2,7.3,1.7,0.7,6.7,14.6,0.1,0.8,0.8,.034,-0.5,-0.7,-1.3,0.2
408,Jason Smith,C,30,WAS,74,1068,13.6,.598,.237,.155,6.8,20.4,13.6,5.0,1.0,4.3,14.2,16.7,1.0,1.3,2.3,.103,-2.0,0.6,-1.3,0.2
409,Tony Snell,SG,25,MIL,80,2336,9.7,.603,.656,.107,1.1,11.1,6.2,5.9,1.2,0.5,8.8,12.1,2.1,1.3,3.4,.071,0.2,-1.1,-0.8,0.7
410,Marreese Speights,C,29,LAC,82,1286,17.6,.584,.505,.250,7.9,24.1,16.2,8.1,0.9,2.6,10.2,23.6,2.5,1.7,4.2,.156,1.5,-0.8,0.7,0.9
411,Tiago Splitter,C,32,PHI,8,76,15.0,.544,.194,.355,11.6,20.3,15.9,8.9,0.6,1.0,14.3,23.9,0.1,0.1,0.1,.072,-2.6,-2.4,-5.0,-0.1
412,Nik Stauskas,SG,23,PHI,80,2188,9.0,.540,.566,.237,1.1,10.3,5.7,12.9,1.0,1.2,15.5,16.4,0.1,1.4,1.4,.031,-1.7,-0.7,-2.4,-0.2
413,Lance Stephenson,SG,26,TOT,18,361,9.6,.485,.167,.108,1.2,14.8,8.0,24.8,0.7,0.7,17.1,18.7,-0.2,0.2,0.1,.009,-3.9,-1.5,-5.4,-0.3
414,Jarnell Stokes,C,23,DEN,2,7,31.5,.798,.000,2.000,15.9,15.6,15.8,40.1,7.0,0.0,0.0,11.4,0.1,0.0,0.1,.480,11.8,3.6,15.4,0.0
415,Diamond Stone,C,19,LAC,7,24,-1.2,.339,.000,.308,4.8,22.7,14.0,0.0,0.0,3.4,11.9,31.3,-0.1,0.0,-0.1,-0.211,-17.3,-6.9,-24.1,-0.1
416,Rodney Stuckey,PG,30,IND,39,696,9.5,.483,.246,.439,1.0,12.4,6.8,17.7,1.2,0.0,15.4,22.2,-0.5,0.4,-0.1,-0.006,-3.8,-2.2,-6.0,-0.7
417,Jared Sullinger,PF,24,TOR,11,118,5.6,.359,.375,.167,9.6,16.3,12.9,3.7,1.7,0.7,7.2,21.0,-0.2,0.1,-0.1,-0.040,-5.2,-2.6,-7.8,-0.2
418,Edy Tavares,C,24,TOT,2,28,21.3,.633,.000,.600,16.3,26.7,21.6,5.1,0.0,17.3,24.0,13.2,0.0,0.1,0.1,.150,-3.8,7.7,3.9,0.0
419,Isaiah Taylor,PG,22,HOU,4,52,0.3,.190,.286,.286,2.1,4.2,3.1,7.1,0.9,1.6,0.0,6.4,-0.1,0.0,0.0,-0.028,-6.4,-0.1,-6.6,-0.1
420,Jeff Teague,PG,28,IND,82,2657,19.2,.574,.277,.457,1.4,12.4,7.0,36.4,1.9,1.1,16.5,22.1,5.7,2.4,8.1,.146,2.4,-0.6,1.9,2.6
421,Mirza Teletovic,PF,31,MIL,70,1133,8.8,.515,.730,.108,1.1,15.4,8.3,6.4,0.5,1.0,7.8,19.1,-0.1,0.7,0.6,.025,-1.5,-3.4,-4.9,-0.8
422,Garrett Temple,SG,30,SAC,65,1728,11.2,.545,.509,.171,2.2,10.0,6.1,14.5,2.5,1.5,14.4,14.2,0.9,1.3,2.2,.062,-0.3,0.6,0.3,1.0
423,Jason Terry,SG,39,MIL,74,1365,9.0,.600,.704,.119,1.3,7.7,4.5,9.9,1.7,1.3,12.3,9.8,1.2,0.9,2.1,.075,-0.5,-0.6,-1.1,0.3
424,Isaiah Thomas,PG,27,BOS,76,2569,26.5,.625,.439,.441,1.9,7.0,4.4,32.6,1.4,0.4,10.7,34.0,10.9,1.6,12.6,.235,8.8,-3.3,5.5,4.8
425,Lance Thomas,PF,28,NYK,46,968,8.4,.516,.348,.209,3.6,12.3,7.9,5.0,1.1,0.4,8.6,13.1,0.6,0.4,0.9,.046,-2.1,-1.6,-3.7,-0.4
426,Hollis Thompson,SG,25,TOT,40,752,7.9,.482,.475,.145,2.8,13.4,8.0,6.8,1.3,0.6,4.9,13.0,0.1,0.6,0.7,.047,-2.8,-0.5,-3.3,-0.2
427,Klay Thompson,SG,26,GSW,78,2649,17.4,.592,.470,.158,2.2,9.2,5.9,9.3,1.2,1.2,8.0,26.1,4.2,2.9,7.1,.128,2.4,-2.1,0.3,1.5
428,Tristan Thompson,C,25,CLE,78,2336,15.3,.594,.007,.487,14.0,19.6,16.9,4.6,0.8,2.9,10.8,11.3,5.0,2.3,7.3,.150,0.0,1.5,1.5,2.1
429,Marcus Thornton,SG,29,WAS,33,575,10.4,.494,.381,.129,4.3,10.5,7.5,10.1,1.6,0.4,10.1,18.7,0.1,0.4,0.5,.042,-1.6,-1.5,-3.2,-0.2
430,Mike Tobey,C,22,CHO,2,25,-0.1,.250,.000,.000,8.7,4.4,6.6,5.4,0.0,0.0,20.0,9.0,0.0,0.0,0.0,-0.070,-7.4,-1.5,-8.9,0.0
431,Anthony Tolliver,PF,31,SAC,65,1477,11.1,.595,.655,.234,4.0,14.5,9.3,7.7,1.1,1.2,12.6,13.6,1.5,0.8,2.3,.075,0.2,-0.8,-0.6,0.5
432,Axel Toupane,SF,24,TOT,4,47,6.2,.611,.444,.000,0.0,2.3,1.1,0.0,1.0,1.7,0.0,8.5,0.0,0.0,0.1,.061,-2.8,-1.0,-3.8,0.0
433,Karl-Anthony Towns,C,21,MIN,82,3030,26.0,.618,.186,.289,11.2,27.8,19.4,13.2,1.0,2.9,11.3,27.5,9.9,2.8,12.7,.201,4.8,0.3,5.0,5.4
434,P.J. Tucker,SF,31,TOT,81,2236,10.5,.516,.407,.193,5.6,17.8,11.6,6.0,2.5,0.7,11.2,11.2,1.4,2.2,3.6,.078,-0.7,1.6,0.9,1.6
435,Evan Turner,SF,28,POR,65,1658,11.4,.491,.214,.187,2.4,14.2,8.3,18.4,1.6,1.2,14.3,18.5,0.0,1.2,1.2,.035,-2.5,-0.1,-2.6,-0.3
436,Myles Turner,C,20,IND,81,2541,18.5,.585,.132,.349,6.2,19.5,13.0,6.6,1.5,6.0,9.5,19.5,4.3,3.7,8.0,.151,-0.3,2.7,2.4,2.8
437,Beno Udrih,PG,34,DET,39,560,16.1,.535,.162,.173,1.1,10.3,5.6,35.4,1.2,0.0,14.9,19.7,0.8,0.5,1.3,.111,-0.5,-2.1,-2.6,-0.1
438,Tyler Ulis,PG,21,PHO,61,1123,13.0,.474,.181,.162,1.9,7.5,4.6,30.5,2.0,0.4,14.1,20.3,0.3,0.4,0.7,.029,-1.4,-2.5,-4.0,-0.6
439,Jarrod Uthoff,PF,23,DAL,9,115,13.9,.487,.237,.184,7.7,14.8,11.1,12.8,0.9,3.1,6.8,18.1,0.1,0.1,0.2,.083,-2.1,0.7,-1.4,0.0
440,Jonas Valanciunas,C,24,TOR,80,2066,20.1,.601,.003,.309,12.4,29.1,20.8,4.4,0.9,2.6,11.7,19.5,4.9,3.0,7.9,.183,-0.5,-0.1,-0.6,0.7
441,Denzel Valentine,SG,23,CHI,57,976,7.3,.492,.722,.063,1.2,15.6,8.3,9.3,1.5,0.6,14.2,15.4,-0.5,1.1,0.6,.031,-2.4,-0.4,-2.8,-0.2
442,Fred VanVleet,PG,22,TOR,37,294,10.5,.443,.261,.198,1.5,14.6,8.1,17.5,2.9,0.6,11.1,20.6,-0.1,0.4,0.3,.041,-3.1,-0.1,-3.2,-0.1
443,Anderson Varejao,C,34,GSW,14,92,9.4,.478,.000,.786,15.3,16.8,16.1,13.0,1.6,2.6,29.8,12.6,0.0,0.1,0.2,.097,-3.2,2.5,-0.6,0.0
444,Greivis Vasquez,PG,30,BRK,3,39,4.1,.376,.375,.375,0.0,5.4,2.7,17.5,1.2,1.9,9.7,11.3,0.0,0.0,0.0,-0.006,-5.7,-1.8,-7.5,-0.1
445,Rashad Vaughn,SG,20,MIL,41,458,7.8,.449,.519,.032,1.0,11.3,6.2,7.4,2.1,1.9,8.1,17.2,-0.5,0.4,0.0,-0.005,-3.7,-1.2,-4.9,-0.3
446,Noah Vonleh,PF,21,POR,74,1265,10.8,.525,.074,.348,11.4,22.5,17.0,3.4,1.2,1.7,17.1,13.1,0.6,1.2,1.8,.069,-3.5,-0.3,-3.9,-0.6
447,Nikola Vucevic,C,26,ORL,75,2163,19.1,.498,.073,.155,8.6,31.2,19.6,16.9,1.8,2.8,9.6,24.8,0.8,3.2,4.0,.088,-1.3,2.4,1.1,1.7
448,Sasha Vujacic,SG,32,NYK,42,408,8.6,.423,.544,.176,3.2,12.4,7.8,17.9,1.6,0.4,9.8,17.3,-0.1,0.2,0.1,.014,-2.1,-2.2,-4.3,-0.2
449,Dwyane Wade,SG,35,CHI,60,1792,18.5,.508,.152,.294,3.8,12.6,8.2,22.4,2.4,1.8,11.3,29.6,0.9,2.5,3.4,.090,0.4,0.6,1.0,1.4
450,Dion Waiters,SG,25,MIA,46,1384,14.5,.507,.324,.192,1.4,11.0,6.2,23.8,1.5,1.1,12.5,26.3,0.2,1.5,1.6,.057,0.0,-0.8,-0.8,0.4
451,Kemba Walker,PG,26,CHO,79,2739,21.3,.569,.415,.248,1.8,10.6,6.2,29.1,1.6,0.7,9.5,29.2,5.9,2.2,8.1,.142,5.3,-1.7,3.6,3.9
452,John Wall,PG,26,WAS,78,2836,23.2,.541,.190,.367,2.3,10.6,6.5,46.9,2.7,1.4,16.2,30.6,5.7,3.0,8.8,.148,3.8,0.2,4.0,4.3
453,Taurean Waller-Prince,SF,22,ATL,59,981,9.8,.513,.358,.330,2.8,14.6,8.8,8.4,2.2,2.4,15.7,17.2,-0.4,1.5,1.1,.054,-3.8,1.5,-2.3,-0.1
454,T.J. Warren,SF,23,PHO,66,2048,15.6,.539,.120,.189,6.5,11.7,9.0,5.8,1.8,1.5,6.1,19.2,3.0,1.1,4.1,.096,0.2,-0.5,-0.3,0.9
455,C.J. Watson,PG,32,ORL,62,1012,9.3,.507,.423,.266,1.7,8.1,4.8,16.1,2.1,0.2,14.5,14.1,0.2,0.6,0.9,.041,-2.5,-1.1,-3.6,-0.4
456,Briante Weber,PG,24,TOT,20,205,11.0,.462,.167,.267,4.3,9.6,7.0,15.0,2.9,0.4,10.7,16.3,0.0,0.2,0.3,.059,-3.2,0.0,-3.2,-0.1
457,David West,C,36,GSW,68,854,16.6,.571,.032,.222,6.4,18.8,13.0,24.1,2.4,4.4,22.0,17.9,0.9,1.7,2.6,.148,-1.7,3.9,2.2,0.9
458,Russell Westbrook,PG,28,OKC,81,2802,30.6,.554,.300,.433,5.4,28.8,17.1,57.3,2.3,0.9,15.9,41.7,8.5,4.6,13.1,.224,10.9,4.7,15.6,12.4
459,Okaro White,PF,24,MIA,35,471,7.5,.507,.391,.253,5.8,13.5,9.6,6.0,1.1,1.7,15.7,10.8,0.1,0.5,0.6,.066,-3.1,0.9,-2.1,0.0
460,Isaiah Whitehead,PG,21,BRK,73,1643,7.5,.487,.293,.222,2.1,9.7,5.9,17.7,1.2,1.7,20.3,18.2,-1.7,0.9,-0.8,-0.023,-4.3,-0.6,-4.9,-1.2
461,Hassan Whiteside,C,27,MIA,77,2513,22.6,.579,.000,.368,12.8,35.3,24.0,3.8,1.1,5.0,12.0,22.7,4.2,5.3,9.5,.181,-2.0,1.5,-0.5,0.9
462,Andrew Wiggins,SF,21,MIN,82,3048,16.5,.534,.184,.345,3.9,8.8,6.3,10.6,1.4,0.8,9.4,29.0,3.3,0.9,4.2,.066,0.2,-2.9,-2.7,-0.6
463,C.J. Wilcox,SG,26,ORL,22,108,2.9,.329,.484,.065,3.9,8.3,6.0,15.5,0.9,0.7,15.8,15.4,-0.2,0.0,-0.2,-0.090,-6.5,-2.2,-8.7,-0.2
464,Alan Williams,C,24,PHO,47,708,19.5,.547,.004,.419,14.0,31.2,22.4,5.2,1.8,3.7,10.5,20.9,1.1,0.9,2.1,.142,-1.8,0.2,-1.7,0.1
465,Deron Williams,PG,32,TOT,64,1657,14.0,.541,.390,.182,0.9,9.4,5.1,35.9,1.0,0.4,17.6,22.1,1.5,0.9,2.4,.069,0.2,-2.4,-2.3,-0.1
466,Derrick Williams,PF,25,TOT,50,804,10.6,.537,.398,.365,2.6,15.1,8.9,5.1,0.9,0.7,9.0,17.2,0.4,0.6,1.1,.064,-2.4,-1.8,-4.2,-0.4
467,Lou Williams,SG,30,TOT,81,1994,21.4,.593,.447,.458,1.4,9.9,5.5,19.9,1.9,0.8,11.8,29.1,5.1,1.0,6.1,.147,3.7,-3.0,0.8,1.4
468,Marvin Williams,PF,30,CHO,76,2295,13.7,.551,.503,.213,4.2,19.7,11.9,7.1,1.3,2.0,7.2,16.3,2.4,2.6,5.0,.105,-0.3,0.5,0.2,1.3
469,Reggie Williams,SF,30,NOP,6,79,11.7,.518,.478,.304,2.7,5.4,4.0,7.2,1.9,0.0,0.0,14.6,0.1,0.1,0.2,.098,-0.8,-1.6,-2.4,0.0
470,Troy Williams,SF,22,TOT,30,557,8.9,.511,.371,.192,3.0,11.2,7.0,7.0,2.5,1.7,15.4,17.2,-0.4,0.7,0.3,.030,-3.4,0.7,-2.7,-0.1
471,Kyle Wiltjer,PF,24,HOU,14,44,6.7,.437,.929,.143,9.9,14.9,12.4,6.1,3.3,1.8,25.2,19.1,-0.1,0.1,0.0,-0.039,-4.0,0.0,-4.0,0.0
472,Justise Winslow,SF,20,MIA,18,625,8.2,.399,.156,.209,4.0,12.7,8.3,15.5,2.2,0.8,11.8,19.8,-0.9,0.8,-0.1,-0.008,-4.0,1.3,-2.7,-0.1
473,Jeff Withey,C,26,UTA,51,432,18.8,.588,.010,.466,14.3,17.9,16.2,2.5,1.9,6.0,10.1,14.9,1.0,0.9,1.8,.205,-1.2,2.7,1.5,0.4
474,Christian Wood,PF,21,CHO,13,107,15.1,.591,.217,.652,14.3,15.5,14.9,2.8,1.4,4.9,19.1,15.4,0.1,0.1,0.3,.125,-2.5,0.6,-2.0,0.0
475,Metta World Peace,SF,37,LAL,25,160,6.2,.380,.559,.235,3.3,10.6,6.8,9.8,2.7,1.0,8.5,21.9,-0.3,0.1,-0.2,-0.065,-4.2,-2.4,-6.6,-0.2
476,Brandan Wright,PF,29,MEM,28,447,18.5,.628,.007,.259,7.7,12.4,10.0,6.0,1.3,4.3,6.2,16.3,1.1,0.5,1.6,.177,0.0,1.3,1.3,0.4
477,Delon Wright,PG,24,TOR,27,446,15.0,.535,.259,.474,4.1,8.1,6.1,18.2,3.1,2.1,15.1,16.6,0.5,0.6,1.1,.117,-0.1,1.2,1.1,0.4
478,James Young,SG,21,BOS,29,220,10.0,.549,.603,.155,3.1,10.0,6.6,2.6,2.3,0.7,6.1,13.3,0.1,0.2,0.3,.076,-2.0,-1.1,-3.1,-0.1
479,Joe Young,PG,24,IND,33,135,11.4,.433,.319,.208,0.8,13.1,7.1,18.0,1.5,0.0,6.0,27.8,-0.2,0.1,-0.1,-0.022,-3.5,-3.8,-7.3,-0.2
480,Nick Young,SG,31,LAL,60,1556,14.1,.588,.665,.142,1.7,8.2,4.8,5.8,1.2,0.7,5.1,19.5,3.0,0.2,3.2,.098,2.6,-3.4,-0.7,0.5
481,Thaddeus Young,PF,28,IND,74,2237,14.9,.562,.172,.125,6.7,15.8,11.3,8.4,2.6,1.2,11.7,16.5,1.9,2.7,4.6,.099,0.0,1.5,1.5,2.0
482,Cody Zeller,PF,24,CHO,62,1725,16.7,.604,.002,.442,8.6,17.3,12.9,9.1,1.8,3.0,10.9,15.5,3.4,2.2,5.6,.157,-0.2,2.3,2.1,1.8
483,Tyler Zeller,C,27,BOS,51,525,13.0,.508,.006,.247,9.2,17.0,13.2,12.2,0.7,3.3,10.2,16.5,0.5,0.6,1.0,.094,-3.2,0.8,-2.5,-0.1
484,Stephen Zimmerman,C,20,ORL,19,108,7.3,.346,.000,.161,10.8,24.9,17.6,5.3,0.9,3.7,8.3,14.8,-0.1,0.1,0.0,-0.005,-7.8,0.4,-7.3,-0.1
485,Paul Zipser,SF,22,CHI,44,843,6.9,.503,.448,.181,1.9,14.2,8.0,6.1,0.9,1.5,14.4,14.4,-0.3,0.8,0.5,.030,-3.6,-0.1,-3.7,-0.4
486,Ivica Zubac,C,19,LAL,38,609,17.0,.547,.013,.206,7.1,21.9,14.3,8.1,1.1,4.4,10.4,20.3,0.6,0.5,1.1,.086,-2.7,0.3,-2.5,-0.1